證券代號,證券名稱,成交股數,成交金額,開盤價,最高價,最低價,收盤價,漲跌價差,成交筆數
0050,元大台灣50,6860743.0,780649790.0,114.5,114.5,113.25,113.4,-0.5,9245.0
0051,元大中型100,37719.0,1980786.0,52.55,52.7,52.25,52.3,0.0,163.0
0052,富邦科技,75884.0,7361431.0,97.5,97.65,96.6,96.7,-0.45,307.0
0053,元大電子,6890.0,373699.0,54.7,54.7,54.1,54.1,-0.35,861.0
0055,元大MSCI金融,162529.0,3543447.0,21.81,21.92,21.69,21.75,-0.01,329.0
0056,元大高股息,13993465.0,357837282.0,25.53,25.62,25.5,25.53,0.03,8926.0
0057,富邦摩台,4494.0,363842.0,81.2,81.2,80.7,80.7,-0.5,498.0
0061,元大寶滬深,62178.0,1159685.0,18.77,18.78,18.59,18.65,-0.03,134.0
006203,元大MSCI台灣,2844.0,156324.0,55.35,55.35,55.05,55.05,-0.15,504.0
006204,永豐臺灣加權,233151.0,16990344.0,73.35,73.45,72.85,72.85,-0.35,593.0
006205,富邦上証,328443.0,10340875.0,31.58,31.82,31.44,31.47,-0.11,131.0
006206,元大上證50,35721.0,1079445.0,30.35,30.36,30.12,30.12,-0.04,933.0
006207,FH滬深,62770.0,1544361.0,24.7,24.74,24.6,24.62,-0.12,780.0
006208,富邦台50,2612160.0,168072823.0,64.7,64.8,64.0,64.15,-0.35,4211.0
00625K,富邦上証+R,,,,,,,0.0,
00631L,元大台灣50正2,5868567.0,577099264.0,99.25,99.25,97.45,97.65,-0.75,2181.0
00632R,元大台灣50反1,114010861.0,658923824.0,5.75,5.81,5.74,5.8,0.02,4302.0
00633L,富邦上証正2,4572625.0,180973751.0,39.66,39.95,39.37,39.59,-0.27,1061.0
00634R,富邦上証反1,301000.0,1351430.0,4.49,4.5,4.47,4.5,0.03,42.0
00635U,期元大S&P黃金,190867.0,4404699.0,23.08,23.1,23.05,23.07,-0.03,134.0
00636,國泰中國A50,232632.0,4960654.0,21.3,21.42,21.25,21.3,-0.06,1032.0
00636K,國泰中國A50+U,200.0,1386.0,6.93,6.93,6.93,6.93,-0.04,2.0
00637L,元大滬深300正2,59342949.0,925614489.0,15.58,15.73,15.5,15.58,-0.11,6028.0
00638R,元大滬深300反1,713098.0,6758232.0,9.45,9.5,9.45,9.48,0.03,69.0
00639,富邦深100,147095.0,1862607.0,12.87,12.87,12.64,12.64,-0.14,1028.0
00640L,富邦日本正2,79130.0,2289453.0,29.0,29.0,28.88,28.96,0.23,29.0
00641R,富邦日本反1,100054.0,957616.0,9.57,9.59,9.56,9.56,-0.04,23.0
00642U,期元大S&P石油,6151885.0,97422540.0,15.7,15.93,15.7,15.92,0.56,1630.0
00643,群益深証中小,210091.0,3163400.0,15.17,15.17,14.97,14.98,-0.16,994.0
00643K,群益深証中小+R,,,,,,,0.0,
00645,富邦日本,54946.0,1441675.0,26.23,26.27,26.21,26.21,0.09,299.0
00646,元大S&P500,517606.0,19619767.0,37.79,37.96,37.79,37.93,0.55,601.0
00647L,元大S&P500正2,269312.0,14492967.0,53.85,53.95,53.75,53.85,1.45,93.0
00648R,元大S&P500反1,5412100.0,39639602.0,7.32,7.33,7.31,7.32,-0.12,302.0
00650L,FH香港正2,9530105.0,129276600.0,13.5,13.77,13.33,13.57,0.02,1174.0
00651R,FH香港反1,1366058.0,11768359.0,8.62,8.68,8.55,8.59,-0.03,144.0
00652,富邦印度,101241.0,3128746.0,31.11,31.11,30.87,30.89,-0.16,159.0
00653L,富邦印度正2,44000.0,2116000.0,47.56,48.23,47.56,48.11,0.08,34.0
00654R,富邦印度反1,42000.0,321840.0,7.66,7.69,7.66,7.67,0.01,15.0
00655L,國泰中國A50正2,2148126.0,60403634.0,28.1,28.39,27.95,28.16,-0.19,340.0
00656R,國泰中國A50反1,215000.0,1815980.0,8.47,8.47,8.42,8.45,0.03,25.0
00657,國泰日經225,2369.0,76971.0,32.94,32.94,32.94,32.94,0.12,976.0
00657K,國泰日經225+U,200.0,2140.0,10.7,10.7,10.7,10.7,0.03,2.0
00660,元大歐洲50,4559.0,130859.0,28.76,28.76,28.75,28.75,0.13,970.0
00661,元大日經225,1036.0,36167.0,,,,,0.0,979.0
00662,富邦NASDAQ,170408.0,7883758.0,46.4,46.4,46.22,46.29,0.57,199.0
00663L,國泰臺灣加權正2,510000.0,46264900.0,91.1,91.1,89.75,89.85,-0.6,30.0
00664R,國泰臺灣加權反1,4025284.0,26277448.0,6.5,6.56,6.5,6.56,0.02,325.0
00665L,富邦恒生國企正2,20020870.0,172864154.0,8.55,8.8,8.46,8.63,0.02,2061.0
00666R,富邦恒生國企反1,198000.0,2955860.0,15.01,15.09,14.8,14.93,-0.03,44.0
00668,國泰美國道瓊,17939.0,680783.0,37.95,37.99,37.92,37.98,0.62,369.0
00668K,國泰美國道瓊+U,300.0,3706.0,12.36,12.36,12.34,12.34,0.18,3.0
00669R,國泰美國道瓊反1,17971064.0,140987820.0,7.84,7.85,7.83,7.85,-0.12,1138.0
00670L,富邦NASDAQ正2,2838891.0,158846088.0,56.05,56.1,55.75,55.95,1.3,1024.0
00671R,富邦NASDAQ反1,11545262.0,71951321.0,6.21,6.25,6.21,6.24,-0.08,525.0
00673R,期元大S&P原油反1,19196318.0,179514811.0,9.42,9.42,9.3,9.3,-0.36,1728.0
00674R,期元大S&P黃金反1,357150.0,4709111.0,13.2,13.2,13.16,13.19,0.02,101.0
00675L,富邦臺灣加權正2,752610.0,29675325.0,39.81,39.82,39.11,39.26,-0.2,420.0
00676R,富邦臺灣加權反1,5460670.0,19611521.0,3.57,3.61,3.57,3.6,0.01,293.0
00678,群益NBI生技,615670.0,16370092.0,26.7,26.7,26.56,26.59,0.25,870.0
00680L,元大美債20正2,7480529.0,93773189.0,12.55,12.59,12.5,12.55,-0.12,1084.0
00681R,元大美債20反1,397000.0,7053630.0,17.73,17.79,17.73,17.79,0.08,45.0
00682U,期元大美元指數,142003.0,2966432.0,20.93,20.93,20.87,20.9,-0.05,48.0
00683L,期元大美元指正2,793105.0,17629750.0,22.14,22.28,22.14,22.25,-0.08,224.0
00684R,期元大美元指反1,5000.0,79430.0,15.89,15.89,15.87,15.87,0.01,5.0
00685L,群益臺灣加權正2,92651.0,3244977.0,35.27,35.32,34.72,34.83,-0.19,56.0
00686R,群益臺灣加權反1,110009.0,428065.0,3.88,3.92,3.88,3.92,0.03,63.0
00688L,國泰20年美債正2,900000.0,11195150.0,12.45,12.46,12.4,12.42,-0.11,224.0
00689R,國泰20年美債反1,323000.0,5966900.0,18.46,18.5,18.45,18.49,0.1,15.0
00690,兆豐藍籌30,262452.0,6739844.0,25.8,25.83,25.6,25.6,-0.13,761.0
00692,富邦公司治理,995121.0,27519801.0,27.74,27.78,27.54,27.55,-0.14,1315.0
00693U,期街口S&P黃豆,55000.0,1439590.0,26.2,26.22,26.13,26.19,-0.03,19.0
00700,富邦恒生國企,202461.0,2650448.0,13.05,13.18,12.94,13.07,0.04,172.0
00701,國泰股利精選30,1031922.0,23030755.0,22.37,22.46,22.22,22.25,-0.1,854.0
00702,國泰標普低波高息,105457.0,2335120.0,22.25,22.25,22.09,22.13,0.25,466.0
00703,台新MSCI中國,6082.0,95934.0,15.8,16.02,15.8,15.93,0.13,973.0
00706L,期元大S&P日圓正2,1407396.0,13496682.0,9.62,9.62,9.57,9.61,-0.08,269.0
00707R,期元大S&P日圓反1,10000.0,245850.0,24.58,24.6,24.57,24.6,0.17,5.0
00708L,期元大S&P黃金正2,732155.0,17494273.0,23.92,24.0,23.87,23.92,-0.09,107.0
00709,富邦歐洲,68193.0,1558233.0,22.8,22.9,22.8,22.88,0.13,1046.0
00710B,FH彭博非投等債,201709.0,3649475.0,18.15,18.15,18.05,18.1,0.03,64.0
00711B,FH彭博新興債,132769.0,2199231.0,16.58,16.59,16.56,16.59,0.12,405.0
00712,FH富時不動產,2623776.0,27581579.0,10.53,10.53,10.5,10.51,0.04,1247.0
00713,元大台灣高息低波,11531337.0,446991258.0,39.04,39.04,38.61,38.68,-0.14,7055.0
00714,群益道瓊美國地產,132868.0,2537560.0,19.14,19.14,19.08,19.09,0.09,140.0
00715L,期街口布蘭特正2,36932632.0,499752661.0,13.26,13.69,13.25,13.68,0.87,5767.0
00717,富邦美國特別股,488122.0,7155608.0,14.65,14.68,14.6,14.66,0.01,983.0
00728,第一金工業30,303566.0,6885310.0,22.84,22.84,22.57,22.58,-0.08,414.0
00730,富邦臺灣優質高息,133328.0,2224849.0,16.73,16.76,16.64,16.64,-0.08,382.0
00731,FH富時高息低波,1118113.0,60036436.0,54.0,54.05,53.6,53.65,-0.2,256.0
00732,國泰RMB短期報酬,100000.0,4048000.0,40.48,40.48,40.48,40.48,0.03,4.0
00733,富邦臺灣中小,179291.0,6438458.0,36.2,36.2,35.69,35.69,-0.22,176.0
00735,國泰臺韓科技,102072.0,2543978.0,24.93,24.95,24.93,24.95,-0.05,800.0
00736,國泰新興市場,95313.0,1862762.0,19.52,19.55,19.49,19.55,-0.05,949.0
00737,國泰AI+Robo,109418.0,2778937.0,25.44,25.45,25.38,25.4,0.29,959.0
00738U,期元大道瓊白銀,428333.0,10066558.0,23.36,23.6,23.36,23.57,0.21,156.0
00739,元大MSCI A股,72410.0,1676615.0,23.25,23.25,23.08,23.13,-0.16,552.0
00752,中信中國50,1061019.0,19354038.0,18.15,18.4,18.08,18.23,0.03,415.0
00753L,中信中國50正2,15948325.0,180660802.0,11.21,11.54,11.18,11.33,-0.09,2370.0
00757,統一FANG+,212850.0,7704972.0,36.21,36.23,36.15,36.2,0.24,269.0
00762,元大全球AI,234013.0,7374675.0,31.51,31.56,31.47,31.5,0.54,177.0
00763U,期街口道瓊銅,47000.0,1150140.0,24.45,24.49,24.45,24.49,0.0,7.0
00770,國泰北美科技,103121.0,2954826.0,28.64,28.66,28.59,28.66,0.48,727.0
00771,元大US高息特別股,23806.0,390126.0,16.4,16.41,16.39,16.4,-0.03,767.0
00774B,新光中國政金綠債,4022.0,161389.0,40.54,40.54,40.45,40.45,0.0,997.0
00774C,新光中政金綠債+R,,,,,,,0.0,
00775B,新光投等債15+,68287.0,2372291.0,34.86,34.86,34.75,34.77,-0.05,852.0
00783,富邦中証500,62930.0,1302078.0,20.7,20.75,20.7,20.75,-0.15,904.0
00830,國泰費城半導體,2997118.0,74277930.0,24.8,24.83,24.74,24.79,0.48,1273.0
00850,元大臺灣ESG永續,1630577.0,47269343.0,29.1,29.19,28.85,28.87,-0.12,562.0
00851,台新全球AI,28895.0,675153.0,23.36,23.38,23.36,23.37,0.26,761.0
00852L,國泰美國道瓊正2,1302000.0,26377580.0,20.26,20.31,20.24,20.29,0.63,133.0
00861,元大全球未來通訊,281153.0,7600773.0,27.0,27.12,26.97,27.01,0.2,123.0
00865B,國泰US短期公債,107422.0,4313526.0,40.13,40.18,40.13,40.18,0.03,380.0
00875,國泰網路資安,161290.0,4113657.0,25.61,25.61,25.47,25.52,0.24,99.0
00876,元大全球5G,217414.0,5580835.0,25.7,25.78,25.6,25.62,0.06,139.0
00878,國泰永續高股息,55461972.0,906798019.0,16.44,16.48,16.29,16.29,-0.13,32319.0
00881,國泰台灣5G+,4633946.0,65772853.0,14.28,14.28,14.12,14.14,-0.04,2507.0
00882,中信中國高股息,3711164.0,44269001.0,11.94,11.98,11.88,11.89,-0.05,1393.0
00885,富邦越南,48950939.0,569486302.0,11.68,11.77,11.56,11.58,-0.31,10458.0
00891,中信關鍵半導體,4449696.0,51776709.0,11.66,11.7,11.57,11.58,-0.03,1513.0
00892,富邦台灣半導體,2982215.0,30873696.0,10.4,10.42,10.3,10.31,-0.03,800.0
00893,國泰智能電動車,5542399.0,66630045.0,12.04,12.07,11.98,11.99,-0.01,1394.0
00894,中信小資高價30,663437.0,7952066.0,12.12,12.12,11.9,11.9,-0.1,337.0
00895,富邦未來車,1350844.0,17515938.0,13.0,13.0,12.94,12.97,-0.01,504.0
00896,中信綠能及電動車,926222.0,12303219.0,13.3,13.35,13.22,13.22,-0.04,525.0
00897,富邦基因免疫生技,1417035.0,12402675.0,8.77,8.77,8.74,8.76,-0.02,304.0
00898,國泰基因免疫革命,202913.0,1539604.0,7.6,7.6,7.58,7.58,0.04,119.0
00899,FT潔淨能源,96628.0,2245363.0,23.33,23.33,23.22,23.24,0.31,98.0
00900,富邦特選高股息30,5476038.0,58587003.0,10.75,10.75,10.67,10.67,-0.03,1785.0
00901,永豐智能車供應鏈,466571.0,5581092.0,12.04,12.04,11.89,11.89,-0.08,289.0
00902,中信電池及儲能,4887221.0,63824146.0,13.14,13.15,13.01,13.02,-0.12,1978.0
00903,富邦元宇宙,2153160.0,18324097.0,8.5,8.52,8.5,8.5,0.08,441.0
00904,新光臺灣半導體30,420866.0,4612400.0,11.06,11.06,10.91,10.91,-0.06,232.0
00905,FT臺灣Smart,277701.0,2389095.0,8.61,8.64,8.58,8.61,0.01,238.0
00906,大華元宇宙科技50,6000.0,53650.0,8.9,8.95,8.9,8.95,0.11,6.0
00907,永豐優息存股,1584444.0,22904184.0,14.59,14.59,14.39,14.41,-0.1,986.0
00908,富邦入息REITs+,672407.0,9063453.0,13.49,13.5,13.47,13.47,0.01,95.0
00909,國泰數位支付服務,735336.0,11227991.0,15.29,15.3,15.24,15.27,0.22,180.0
00910,第一金太空衛星,105076.0,1563440.0,14.85,14.91,14.85,14.86,0.08,27.0
00911,兆豐洲際半導體,256000.0,4012700.0,15.57,15.71,15.57,15.65,0.28,33.0
00912,中信臺灣智慧50,632540.0,8803021.0,13.92,13.96,13.83,13.83,-0.07,219.0
00913,兆豐台灣晶圓製造,205086.0,3061515.0,14.82,14.95,14.78,14.78,-0.02,16.0
00915,凱基優選高股息30,267510.0,4059157.0,15.2,15.26,15.13,15.13,-0.06,332.0
00916,國泰全球品牌50,433499.0,6382611.0,14.73,14.75,14.71,14.72,0.14,235.0
00917,中信特選金融,164061.0,2475550.0,15.08,15.11,15.06,15.09,0.17,140.0
00918,大華優利高填息30,135290.0,2041970.0,15.18,15.19,15.05,15.05,-0.08,83.0
00919,群益台灣精選高息,2297056.0,37908289.0,16.56,16.59,16.44,16.44,-0.07,1041.0
00920,富邦ESG綠色電力,909623.0,15554597.0,17.11,17.12,17.08,17.1,0.1,40.0
01001T,土銀富邦R1,1063.0,17560.0,16.5,16.5,16.5,16.5,0.0,3.0
01002T,土銀國泰R1,1058000.0,19031530.0,17.99,18.0,17.97,17.99,0.03,55.0
01003T,兆豐新光R1,2000.0,41280.0,20.64,20.64,20.64,20.64,0.0,1.0
01004T,土銀富邦R2,,,,,,,0.0,
01007T,兆豐國泰R2,7000.0,125690.0,17.96,17.98,17.95,17.95,0.0,6.0
01009T,王道圓滿R1,,,,,,,0.0,
01010T,京城樂富R1,16000.0,160570.0,10.0,10.05,10.0,10.04,-0.01,7.0
020000,富邦特選蘋果N,,,,,,,0.0,
020002,元富新中國N,,,,,,,0.0,
020007,凱基臺灣500N,,,,,,,0.0,
020011,統一微波高息20N,,,,,,,0.0,
020012,富邦行動通訊N,2000.0,12820.0,6.41,6.41,6.41,6.41,0.0,1.0
020015,統一MSCI美低波N,,,,,,,0.0,
020016,統一MSCI美科技N,,,,,,,0.0,
020018,統一價值成長30N,,,,,,,0.0,
020019,統一特選台灣5GN,5000.0,59850.0,11.97,11.97,11.97,11.97,0.05,1.0
02001L,富邦蘋果正二N,,,,,,,0.0,
02001R,富邦蘋果反一N,5000.0,15020.0,2.99,3.01,2.99,3.01,0.0,3.0
02001S,策元大加權策略N,124000.0,607020.0,4.92,4.92,4.87,4.87,-0.04,77.0
020020,元大台股領航N,68000.0,436970.0,6.43,6.44,6.37,6.37,-0.03,13.0
020022,元大電動車N,54000.0,278330.0,5.17,5.18,5.12,5.12,-0.04,17.0
020028,元大特選電動車N,26000.0,129020.0,4.99,4.99,4.95,4.95,-0.02,8.0
020029,元大ESG高股息N,26000.0,116180.0,4.47,4.47,4.45,4.45,-0.01,5.0
020030,統一智慧電動車N,48000.0,189120.0,3.95,3.96,3.93,3.93,-0.02,10.0
020031,統一IC設計臺灣N,21000.0,72080.0,3.45,3.45,3.42,3.42,0.0,9.0
020032,元大綠能N,28000.0,136590.0,4.87,4.89,4.83,4.83,-0.02,6.0
020034,元大IC設計N,60000.0,247950.0,4.15,4.16,4.1,4.1,-0.03,23.0
1101,台泥,20955961.0,708647144.0,33.9,34.2,33.6,33.7,-0.15,8602.0
1101B,台泥乙特,59320.0,2839767.0,48.0,48.2,47.8,48.1,-0.15,31.0
1102,亞泥,7028462.0,289084343.0,41.25,41.45,40.9,41.15,-0.1,4043.0
1103,嘉泥,120777.0,2131232.0,17.7,17.75,17.5,17.5,-0.15,126.0
1104,環泥,744650.0,16923741.0,22.65,22.85,22.6,22.75,0.2,415.0
1108,幸福,193112.0,2102220.0,10.85,10.95,10.8,10.95,0.15,88.0
1109,信大,455000.0,7477600.0,16.15,16.7,16.1,16.55,0.45,192.0
1110,東泥,35183.0,625889.0,17.8,17.85,17.7,17.8,0.0,22.0
1201,味全,236582.0,4529088.0,19.0,19.25,19.0,19.25,0.25,196.0
1203,味王,37408.0,1272471.0,33.7,34.85,33.6,34.85,0.7,64.0
1210,大成,525360.0,23453796.0,44.65,44.8,44.5,44.55,0.05,579.0
1213,大飲,4000.0,29880.0,7.45,7.49,7.45,7.49,0.0,2.0
1215,卜蜂,271369.0,21108783.0,78.0,78.0,77.7,77.7,0.0,346.0
1216,統一,9677302.0,633581601.0,66.0,66.2,65.1,65.4,-0.4,3106.0
1217,愛之味,752608.0,7814443.0,10.4,10.45,10.3,10.4,0.1,291.0
1218,泰山,3351247.0,130530988.0,39.0,39.5,38.5,38.55,-0.45,1637.0
1219,福壽,1178956.0,22823325.0,19.2,19.5,19.2,19.2,0.05,442.0
1220,台榮,60593.0,920462.0,15.35,15.35,15.15,15.25,0.1,43.0
1225,福懋油,23454.0,1335986.0,57.0,57.0,56.7,57.0,0.0,26.0
1227,佳格,307330.0,12189912.0,39.65,39.9,39.55,39.6,0.0,366.0
1229,聯華,605755.0,30211498.0,50.1,50.4,49.2,49.75,-0.05,751.0
1231,聯華食,190957.0,14262869.0,74.6,75.0,74.4,74.4,-0.1,266.0
1232,大統益,49341.0,7126175.0,144.0,145.0,144.0,144.5,1.0,220.0
1233,天仁,4000.0,130300.0,32.55,32.6,32.55,32.6,0.0,4.0
1234,黑松,236145.0,7779944.0,32.9,33.05,32.85,32.9,0.05,190.0
1235,興泰,5510.0,382174.0,69.6,69.6,69.3,69.3,0.1,11.0
1236,宏亞,262344.0,5941013.0,22.4,23.0,22.15,22.9,0.5,220.0
1256,鮮活果汁-KY,7208.0,2021296.0,280.0,283.5,278.0,282.5,2.5,68.0
1301,台塑,9334390.0,806928328.0,86.7,87.3,86.1,86.3,-0.4,4985.0
1303,南亞,8716028.0,634333804.0,73.5,73.6,72.5,72.6,-0.7,4010.0
1304,台聚,4591716.0,98688180.0,21.0,21.9,20.9,21.4,0.5,2349.0
1305,華夏,11689961.0,299306428.0,25.7,26.1,25.1,25.9,0.3,5659.0
1307,三芳,178757.0,3771021.0,21.0,21.15,21.0,21.15,0.25,98.0
1308,亞聚,4993323.0,139534542.0,27.65,28.4,27.25,27.95,0.1,2140.0
1309,台達化,1353830.0,29633947.0,21.5,22.2,21.45,22.0,0.5,842.0
1310,台苯,488043.0,6668261.0,13.85,13.85,13.55,13.65,0.05,313.0
1312,國喬,4878726.0,90623227.0,18.5,18.85,18.3,18.5,0.05,2153.0
1312A,國喬特,4000.0,110400.0,27.5,27.9,27.5,27.9,-0.2,2.0
1313,聯成,1009672.0,13895711.0,13.65,13.9,13.6,13.8,0.2,456.0
1314,中石化,7939559.0,79678640.0,10.1,10.1,10.0,10.0,0.0,1715.0
1315,達新,14061.0,1001095.0,71.1,71.5,71.1,71.2,-0.4,25.0
1316,上曜,2513331.0,31284449.0,12.8,12.8,12.25,12.25,-0.75,1168.0
1319,東陽,2666093.0,127186560.0,48.5,48.5,47.35,47.35,-0.65,1717.0
1321,大洋,49100.0,1663769.0,33.75,34.0,33.7,33.95,0.2,38.0
1323,永裕,23109.0,764310.0,33.5,33.5,33.0,33.0,-0.15,23.0
1324,地球,4108.0,42709.0,10.3,10.4,10.3,10.4,0.15,26.0
1325,恆大,924728.0,22637144.0,24.0,25.0,23.7,24.3,0.65,630.0
1326,台化,3582082.0,252750130.0,71.0,71.5,70.4,70.4,-0.6,1349.0
1337,再生-KY,439677.0,3113018.0,7.22,7.22,7.02,7.04,-0.09,291.0
1338,廣華-KY,125111.0,5722873.0,45.85,46.25,45.55,45.55,-0.3,114.0
1339,昭輝,131463.0,5695421.0,43.55,43.6,42.9,43.4,-0.1,159.0
1340,勝悅-KY,182592.0,1829357.0,10.15,10.15,9.99,10.05,-0.1,215.0
1341,富林-KY,13278.0,908826.0,68.5,68.5,68.3,68.5,0.0,15.0
1342,八貫,1352772.0,179073023.0,138.0,138.0,128.0,129.0,-6.0,1269.0
1402,遠東新,15557262.0,510419291.0,33.05,33.2,32.35,32.65,-0.55,6710.0
1409,新纖,2629799.0,44909277.0,17.2,17.2,17.0,17.05,-0.05,737.0
1410,南染,289750.0,12619187.0,43.45,44.35,42.85,42.85,-0.55,227.0
1413,宏洲,22361.0,214422.0,9.6,9.6,9.57,9.57,-0.03,12.0
1414,東和,421379.0,7547063.0,18.0,18.05,17.85,18.0,0.05,244.0
1416,廣豐,49128.0,512269.0,10.4,10.5,10.35,10.4,0.0,99.0
1417,嘉裕,16843252.0,243184104.0,14.55,15.05,13.8,13.8,-0.7,4720.0
1418,東華,12001.0,168062.0,13.85,14.1,13.85,14.1,-0.05,13.0
1419,新紡,82071.0,3331267.0,40.5,40.85,40.3,40.85,0.6,62.0
1423,利華,69603.0,1385994.0,20.0,20.0,19.85,19.85,-0.15,38.0
1432,大魯閣,317702.0,3802549.0,12.1,12.1,11.9,11.95,-0.1,209.0
1434,福懋,383868.0,10127638.0,26.35,26.45,26.35,26.45,0.1,350.0
1436,華友聯,17027.0,964618.0,56.6,56.9,56.5,56.6,0.1,17.0
1437,勤益控,75550.0,1943175.0,25.7,25.8,25.65,25.8,0.1,41.0
1438,三地開發,43010.0,1358265.0,31.5,31.7,31.45,31.7,0.3,33.0
1439,雋揚,52113.0,1142117.0,22.0,22.0,21.75,21.8,-0.05,32.0
1440,南紡,707330.0,12202700.0,17.2,17.4,17.15,17.2,0.05,391.0
1441,大東,30165.0,240870.0,8.0,8.0,7.97,7.97,0.0,104.0
1442,名軒,844722.0,31294779.0,37.1,37.55,36.7,36.9,-0.1,452.0
1443,立益物流,44214.0,924503.0,20.5,21.2,20.5,21.05,0.45,48.0
1444,力麗,1130510.0,11930278.0,10.5,10.6,10.5,10.55,0.05,355.0
1445,大宇,20185.0,322901.0,16.0,16.0,16.0,16.0,-0.05,21.0
1446,宏和,67000.0,2021250.0,30.0,30.6,30.0,30.25,0.3,38.0
1447,力鵬,790050.0,6159854.0,7.78,7.85,7.76,7.81,0.05,361.0
1449,佳和,412587.0,6615575.0,16.45,16.45,15.85,15.95,-0.1,335.0
1451,年興,276914.0,5922827.0,21.5,21.5,21.3,21.3,-0.15,222.0
1452,宏益,53025.0,925538.0,17.55,17.6,17.4,17.45,0.0,45.0
1453,大將,314197.0,5146344.0,16.4,16.55,16.15,16.15,-0.25,211.0
1454,台富,52065.0,678558.0,13.05,13.1,13.0,13.0,-0.05,31.0
1455,集盛,530821.0,5556405.0,10.5,10.6,10.4,10.4,0.0,204.0
1456,怡華,234059.0,3768644.0,15.95,16.25,15.9,16.15,0.2,58.0
1457,宜進,189237.0,3570005.0,18.95,18.95,18.8,18.9,0.1,84.0
1459,聯發,30961.0,263027.0,8.48,8.55,8.48,8.48,0.0,65.0
1460,宏遠,1023764.0,7418161.0,7.18,7.3,7.18,7.24,0.07,310.0
1463,強盛,66250.0,950624.0,14.4,14.45,14.3,14.35,0.0,34.0
1464,得力,192437.0,2760660.0,14.35,14.45,14.3,14.3,-0.1,142.0
1465,偉全,18618.0,259776.0,13.85,14.0,13.85,14.0,0.15,41.0
1466,聚隆,27252.0,320290.0,11.8,11.8,11.7,11.8,0.0,18.0
1467,南緯,4814388.0,58856262.0,12.25,12.45,12.1,12.2,0.0,477.0
1468,昶和,43000.0,563650.0,13.2,13.2,13.0,13.2,0.0,32.0
1470,大統新創,16000.0,300100.0,19.1,19.1,18.55,18.75,-0.2,12.0
1471,首利,259947.0,2083345.0,8.14,8.14,7.96,8.0,0.04,119.0
1472,三洋實業,8779.0,197475.0,22.85,22.85,22.2,22.2,0.0,14.0
1473,台南,151501.0,3194202.0,21.3,21.3,21.0,21.1,0.05,114.0
1474,弘裕,129150.0,1553964.0,12.15,12.15,11.95,11.95,-0.2,79.0
1475,業旺,135000.0,8814000.0,65.8,65.9,64.1,64.8,-0.9,106.0
1476,儒鴻,902285.0,412360698.0,470.0,472.5,451.0,451.0,-19.0,2003.0
1477,聚陽,1434572.0,346228204.0,242.5,245.5,238.5,238.5,-4.0,3230.0
1503,士電,154268.0,9208544.0,59.2,60.3,59.0,59.7,0.5,159.0
1504,東元,1089181.0,30301886.0,27.95,27.95,27.7,27.85,0.05,659.0
1506,正道,357449.0,6342190.0,17.75,17.95,17.55,17.55,-0.2,160.0
1512,瑞利,594245.0,2133219.0,3.43,3.65,3.43,3.65,0.33,141.0
1513,中興電,20542067.0,1331505800.0,64.6,66.1,63.6,63.6,-0.4,12142.0
1514,亞力,1573366.0,47860571.0,30.5,30.85,30.0,30.15,-0.35,988.0
1515,力山,795332.0,26321143.0,33.3,33.65,32.5,32.5,-0.8,596.0
1516,川飛,85059.0,1712956.0,20.1,20.2,20.05,20.05,0.0,81.0
1517,利奇,3652519.0,76874370.0,21.65,21.65,20.8,20.95,-1.6,2109.0
1519,華城,4222372.0,204332810.0,48.4,49.1,47.6,48.45,0.1,2636.0
1521,大億,16392.0,575156.0,35.1,35.15,35.05,35.15,0.05,20.0
1522,堤維西,2127034.0,60293232.0,28.6,28.75,28.1,28.2,-0.2,1054.0
1522A,堤維西甲特,13438.0,591596.0,44.0,44.1,44.0,44.0,0.0,10.0
1524,耿鼎,4359977.0,108427246.0,25.15,25.4,24.5,24.55,-0.5,2230.0
1525,江申,19000.0,1112300.0,58.0,58.9,57.9,58.8,0.5,18.0
1526,日馳,1772407.0,78303469.0,45.5,45.5,43.2,44.0,-2.55,1200.0
1527,鑽全,237612.0,9866073.0,41.3,41.7,41.25,41.7,0.5,220.0
1528,恩德,713246.0,7433918.0,10.35,10.6,10.3,10.35,0.1,267.0
1529,樂事綠能,1337442.0,24788715.0,18.65,18.9,18.2,18.2,-0.25,731.0
1530,亞崴,9250.0,286000.0,30.95,30.95,30.8,30.9,0.05,16.0
1531,高林股,27000.0,376650.0,13.85,14.0,13.85,14.0,0.0,17.0
1532,勤美,115881.0,3436558.0,29.85,29.85,29.45,29.6,-0.1,119.0
1533,車王電,228508.0,11767640.0,52.3,52.5,50.6,50.9,-1.2,187.0
1535,中宇,43577.0,1857823.0,42.5,42.7,42.5,42.6,-0.05,40.0
1536,和大,3127793.0,240169213.0,77.3,77.6,76.2,76.2,-1.0,2188.0
1537,廣隆,88844.0,12076701.0,136.5,136.5,135.5,135.5,-0.5,122.0
1538,正峰,23887.0,147513.0,6.18,6.2,6.18,6.2,0.0,13.0
1539,巨庭,296355.0,9053257.0,30.85,30.85,30.4,30.4,0.0,232.0
1540,喬福,105268.0,1640215.0,15.55,15.7,15.5,15.5,-0.05,82.0
1541,錩泰,17000.0,581000.0,34.2,34.3,34.1,34.15,-0.05,12.0
1558,伸興,191358.0,22754900.0,119.0,120.0,117.0,120.0,2.0,196.0
1560,中砂,4092720.0,487554892.0,121.0,121.0,117.0,117.0,-2.5,3037.0
1568,倉佑,238169.0,5854001.0,25.05,25.05,24.35,24.35,-0.35,163.0
1582,信錦,153758.0,8994641.0,59.0,59.1,58.3,58.4,-0.1,150.0
1583,程泰,3000.0,183900.0,61.3,61.5,61.1,61.5,0.1,3.0
1587,吉茂,29134.0,636093.0,21.85,21.9,21.75,21.85,0.05,23.0
1589,永冠-KY,144636.0,8284691.0,58.8,58.8,56.9,57.1,-0.9,135.0
1590,亞德客-KY,616014.0,586777811.0,935.0,970.0,933.0,943.0,5.0,649.0
1597,直得,46361.0,3372733.0,72.1,73.0,72.1,73.0,0.6,55.0
1598,岱宇,903542.0,39679305.0,43.45,45.3,42.6,44.0,1.2,638.0
1603,華電,512075.0,13882533.0,27.3,27.4,26.7,26.7,-0.3,231.0
1604,聲寶,382012.0,9893686.0,25.6,26.05,25.55,26.0,0.4,300.0
1605,華新,58525804.0,2786442754.0,47.6,48.15,47.1,47.3,0.15,23725.0
1608,華榮,901761.0,13299697.0,14.55,14.95,14.4,14.8,0.3,477.0
1609,大亞,4250283.0,87691467.0,21.05,21.05,20.45,20.5,-0.35,2435.0
1611,中電,578068.0,8058659.0,13.9,14.05,13.85,13.9,0.05,393.0
1612,宏泰,1505291.0,25401892.0,17.1,17.1,16.7,16.8,-0.15,755.0
1614,三洋電,7000.0,250350.0,35.75,35.8,35.7,35.8,0.15,6.0
1615,大山,16710.0,482609.0,28.95,28.95,28.8,28.9,-0.05,129.0
1616,億泰,179382.0,1349982.0,7.45,7.62,7.45,7.55,0.1,70.0
1617,榮星,81000.0,1212100.0,15.05,15.05,14.95,15.0,0.05,22.0
1618,合機,892825.0,13089689.0,15.0,15.0,14.55,14.55,-0.2,437.0
1626,艾美特-KY,418751.0,7213036.0,17.0,17.45,17.0,17.45,0.45,110.0
1701,中化,21091654.0,576163059.0,26.65,27.8,26.5,27.8,2.5,7062.0
1702,南僑,120641.0,5410532.0,44.5,45.0,44.5,44.9,0.4,122.0
1707,葡萄王,3118878.0,504450476.0,157.5,166.5,157.0,159.5,3.0,4633.0
1708,東鹼,1698899.0,73032918.0,43.25,43.4,42.7,42.75,-0.25,1139.0
1709,和益,664715.0,14973104.0,22.65,22.65,22.4,22.45,-0.05,304.0
1710,東聯,3034600.0,57259631.0,18.65,19.0,18.65,18.9,0.45,1090.0
1711,永光,8134247.0,156759543.0,18.7,19.6,18.55,19.55,1.15,3587.0
1712,興農,1136125.0,42363823.0,37.4,37.5,37.2,37.2,-0.1,941.0
1713,國化,123417.0,3067120.0,24.85,25.05,24.7,24.85,0.4,59.0
1714,和桐,3373788.0,29492402.0,8.6,8.82,8.6,8.73,0.17,958.0
1717,長興,1354432.0,42982833.0,31.75,32.0,31.5,31.55,-0.2,942.0
1718,中纖,5114511.0,44496563.0,8.6,8.79,8.59,8.71,0.19,1617.0
1720,生達,11593469.0,703735909.0,58.0,61.9,57.6,61.9,5.6,4936.0
1721,三晃,1596081.0,25201685.0,15.8,16.0,15.65,15.65,0.15,825.0
1722,台肥,926273.0,50329690.0,54.6,54.6,54.1,54.2,-0.1,656.0
1723,中碳,171069.0,18170714.0,107.0,107.0,105.5,106.5,0.5,170.0
1725,元禎,45957.0,963218.0,21.15,21.25,20.8,20.85,0.2,46.0
1726,永記,14111.0,996481.0,70.6,70.8,70.4,70.7,0.2,16.0
1727,中華化,725778.0,20202075.0,27.45,28.2,27.45,27.95,0.75,460.0
1730,花仙子,15956.0,879701.0,55.1,56.3,54.8,55.0,0.0,44.0
1731,美吾華,559025.0,10459067.0,18.6,18.9,18.5,18.7,0.2,332.0
1732,毛寶,1099124.0,34779693.0,30.85,32.45,30.7,31.1,0.55,719.0
1733,五鼎,1111048.0,29242192.0,25.9,26.6,25.85,26.2,0.4,745.0
1734,杏輝,38142850.0,1368458309.0,35.0,36.9,34.75,35.9,1.4,19244.0
1735,日勝化,2000.0,30200.0,15.1,15.1,15.1,15.1,-0.05,2.0
1736,喬山,3721037.0,293055707.0,80.4,80.4,77.5,78.0,-2.4,2639.0
1737,臺鹽,115781.0,3698222.0,31.95,32.0,31.85,32.0,0.1,129.0
1752,南光,28946165.0,1519803366.0,50.9,53.9,50.2,53.9,4.85,14873.0
1760,寶齡富錦,23353398.0,4137980864.0,177.0,183.0,170.0,170.0,-3.5,15522.0
1762,中化生,11001967.0,716864140.0,64.2,67.1,62.7,65.1,0.7,6387.0
1773,勝一,197864.0,23233809.0,117.5,119.5,116.0,116.5,0.5,254.0
1776,展宇,4081.0,68065.0,16.65,16.75,16.65,16.75,0.1,8.0
1783,和康生,2458141.0,117722871.0,47.65,49.0,47.05,47.05,0.25,1756.0
1786,科妍,557601.0,29619029.0,51.4,54.3,51.4,53.9,2.9,542.0
1789,神隆,16393112.0,443870333.0,26.8,27.85,26.45,27.15,0.75,7892.0
1795,美時,2011820.0,514308714.0,254.0,258.0,251.5,251.5,-0.5,1979.0
1802,台玻,16052355.0,399397444.0,24.8,25.3,24.5,24.55,-0.15,6752.0
1805,寶徠,2400.0,25500.0,10.65,10.65,10.65,10.65,-0.15,4.0
1806,冠軍,385884.0,3568179.0,9.29,9.39,9.18,9.25,0.07,263.0
1808,潤隆,216287.0,14137784.0,64.7,66.0,64.7,65.1,-0.1,171.0
1809,中釉,419020.0,5482007.0,13.25,13.25,13.0,13.05,0.0,227.0
1810,和成,2915784.0,55847108.0,19.05,19.45,18.85,19.3,0.0,1512.0
1817,凱撒衛,54479.0,1977392.0,36.15,36.35,36.15,36.35,0.15,58.0
1903,士紙,27141.0,1362276.0,50.1,50.7,49.85,50.4,0.3,55.0
1904,正隆,369491.0,10269454.0,27.8,27.9,27.7,27.8,0.0,353.0
1905,華紙,419118.0,7009021.0,16.85,16.85,16.6,16.75,0.2,339.0
1906,寶隆,92228.0,1545545.0,16.9,16.9,16.7,16.75,0.0,64.0
1907,永豐餘,1408605.0,35318611.0,24.95,25.2,24.85,25.15,0.35,807.0
1909,榮成,1370218.0,21063186.0,15.25,15.5,15.2,15.35,0.15,743.0
2002,中鋼,45307736.0,1325253979.0,29.15,29.5,28.9,29.15,0.15,11013.0
2002A,中鋼特,97.0,4531.0,,,,,0.0,6.0
2006,東和鋼鐵,2124849.0,110253396.0,51.5,52.4,51.1,52.2,0.8,1482.0
2007,燁興,8601486.0,95901460.0,10.35,11.25,10.35,11.25,1.0,2363.0
2008,高興昌,120047.0,2084955.0,17.05,17.7,17.05,17.2,0.2,107.0
2009,第一銅,8142977.0,260533372.0,30.9,32.6,30.8,32.0,1.35,4527.0
2010,春源,2100842.0,34217536.0,15.7,16.65,15.7,16.2,0.5,1137.0
2012,春雨,139838.0,3226128.0,22.75,23.5,22.7,23.2,0.55,137.0
2013,中鋼構,1568246.0,94077151.0,59.1,61.5,58.6,59.2,1.2,1302.0
2014,中鴻,42730179.0,1096283212.0,24.4,26.4,24.25,26.4,2.4,14756.0
2015,豐興,410828.0,27213046.0,65.5,67.0,64.9,67.0,1.3,278.0
2017,官田鋼,2923355.0,40518934.0,13.2,14.2,13.2,13.75,0.6,1584.0
2020,美亞,2028718.0,48187210.0,23.3,24.5,22.95,23.75,0.95,888.0
2022,聚亨,5749927.0,50156636.0,8.12,8.88,8.11,8.78,0.7,2104.0
2023,燁輝,21733542.0,345003078.0,15.25,16.3,15.2,15.8,0.65,8459.0
2024,志聯,162428.0,3022814.0,18.1,19.1,17.75,18.5,0.55,144.0
2025,千興,426554.0,2138954.0,4.89,5.1,4.89,4.98,0.12,126.0
2027,大成鋼,37909583.0,1664071424.0,42.95,44.5,42.7,43.6,1.15,22054.0
2028,威致,6631087.0,182469088.0,25.75,28.1,25.65,28.1,2.55,3030.0
2029,盛餘,1139528.0,27429648.0,23.3,24.4,23.25,24.1,0.85,677.0
2030,彰源,8598512.0,200183706.0,22.5,23.8,22.4,23.3,1.0,3843.0
2031,新光鋼,9083532.0,375404264.0,39.3,42.3,39.15,41.7,2.65,5276.0
2032,新鋼,3780859.0,74608286.0,18.5,20.2,18.45,19.8,1.4,1872.0
2033,佳大,1666126.0,24227954.0,13.6,14.75,13.5,14.75,1.3,703.0
2034,允強,2510996.0,71130794.0,27.8,28.65,27.6,28.2,0.6,1090.0
2038,海光,9420820.0,198159401.0,19.7,21.3,19.7,21.3,1.9,3179.0
2049,上銀,946536.0,174926955.0,186.0,186.5,183.0,183.0,-2.5,969.0
2059,川湖,177946.0,72090936.0,406.5,408.0,402.5,403.5,1.0,249.0
2062,橋椿,233299.0,5242207.0,22.2,22.7,22.15,22.5,0.25,159.0
2069,運錩,1430956.0,29369225.0,19.75,20.95,19.75,20.55,0.8,833.0
2101,南港,313218.0,10754976.0,34.35,34.6,34.2,34.25,-0.05,237.0
2102,泰豐,572420.0,11984447.0,21.1,21.1,20.8,20.8,-0.15,249.0
2103,台橡,1628115.0,45858721.0,28.35,28.6,27.8,27.85,-0.35,886.0
2104,國際中橡,4315592.0,87184477.0,20.5,20.5,20.05,20.05,-0.65,1638.0
2105,正新,3754751.0,128713153.0,34.75,34.75,34.05,34.1,-0.5,1444.0
2106,建大,1023561.0,31108577.0,30.3,30.65,30.3,30.35,-0.2,544.0
2107,厚生,105107.0,2278969.0,21.7,21.8,21.6,21.8,0.1,110.0
2108,南帝,540795.0,20369903.0,37.8,38.1,37.3,37.45,-0.25,518.0
2109,華豐,103555.0,1522892.0,14.8,14.8,14.7,14.7,-0.05,52.0
2114,鑫永銓,16151.0,1590301.0,98.3,98.9,98.3,98.6,0.3,18.0
2115,六暉-KY,20074.0,591851.0,29.5,29.6,29.4,29.6,0.2,14.0
2201,裕隆,38560364.0,2526886823.0,66.2,66.5,64.5,65.0,-1.6,19847.0
2204,中華,2542818.0,139166073.0,54.6,55.3,53.8,55.2,0.7,1422.0
2206,三陽工業,6173627.0,225586173.0,37.45,37.45,36.05,36.25,-1.15,3775.0
2207,和泰車,398766.0,239296087.0,616.0,616.0,595.0,599.0,-12.0,4322.0
2208,台船,2749718.0,54548842.0,19.8,20.1,19.6,19.7,0.15,1192.0
2211,長榮鋼,201337.0,10479616.0,51.5,52.6,51.3,51.7,0.2,146.0
2227,裕日車,35957.0,6974808.0,194.0,196.0,192.5,196.0,2.0,79.0
2228,劍麟,113210.0,9023914.0,79.7,80.2,78.9,79.5,-0.7,110.0
2231,為升,711673.0,107185057.0,153.5,153.5,149.0,149.0,-2.5,752.0
2233,宇隆,136913.0,13939728.0,103.5,103.5,101.0,101.0,-2.0,143.0
2236,百達-KY,2154255.0,55514161.0,25.95,26.45,25.2,25.4,-0.55,1257.0
2239,英利-KY,58118.0,3654911.0,64.2,64.2,62.5,62.5,-0.6,79.0
2241,艾姆勒,14160.0,456983.0,32.9,32.9,32.15,32.2,0.05,19.0
2243,宏旭-KY,50078.0,627670.0,12.55,12.65,12.4,12.5,-0.1,27.0
2247,汎德永業,36805.0,7955363.0,215.0,218.0,215.0,216.0,1.0,209.0
2250,IKKA-KY,63059.0,4742868.0,74.9,76.3,74.3,74.7,0.6,70.0
2301,光寶科,7178979.0,455903992.0,64.0,64.2,63.2,63.4,-0.6,4118.0
2302,麗正,281882.0,5085247.0,18.15,18.2,17.95,18.0,-0.15,163.0
2303,聯電,54847262.0,2408822677.0,44.0,44.2,43.6,43.8,0.3,18647.0
2305,全友,987185.0,27377641.0,28.3,28.3,27.3,27.3,-0.75,589.0
2308,台達電,7234292.0,2115944725.0,293.5,298.0,288.0,291.5,-2.0,4793.0
2312,金寶,8293639.0,117877131.0,14.2,14.35,14.05,14.2,0.15,2037.0
2313,華通,7106815.0,341368807.0,48.55,48.55,47.7,47.75,-0.3,4237.0
2314,台揚,841337.0,33825194.0,40.65,41.0,39.7,40.1,-0.4,639.0
2316,楠梓電,147205.0,3844648.0,26.15,26.35,26.0,26.15,0.0,76.0
2317,鴻海,34807666.0,3530853812.0,102.0,102.5,101.0,101.0,-1.0,16396.0
2321,東訊,15656.0,85872.0,5.38,5.51,5.38,5.51,-0.15,14.0
2323,中環,2339342.0,18180544.0,7.81,7.86,7.7,7.7,-0.04,837.0
2324,仁寶,13722389.0,298202238.0,21.9,21.9,21.65,21.7,-0.25,5037.0
2327,國巨,3468654.0,1657849513.0,487.0,488.0,472.0,474.0,-11.5,5583.0
2328,廣宇,5237461.0,203011745.0,39.6,39.7,38.3,38.3,-1.2,3454.0
2329,華泰,1437708.0,26293086.0,18.5,18.5,18.15,18.2,-0.05,766.0
2330,台積電,36028109.0,17034191389.0,473.0,476.0,471.0,471.5,-3.5,36559.0
2331,精英,830388.0,18075334.0,21.95,21.95,21.65,21.8,-0.1,347.0
2332,友訊,1420782.0,21413753.0,15.0,15.15,14.9,15.05,0.1,529.0
2337,旺宏,9737979.0,339286503.0,34.85,35.05,34.5,34.75,0.15,5123.0
2338,光罩,8243580.0,745645986.0,92.2,92.5,88.6,89.1,-2.1,6400.0
2340,台亞,1065009.0,38410204.0,36.5,36.5,35.85,35.85,-0.15,669.0
2342,茂矽,598325.0,24179196.0,41.0,41.0,40.05,40.1,-0.25,451.0
2344,華邦電,12433296.0,258366463.0,20.95,21.1,20.55,20.65,-0.3,3675.0
2345,智邦,2110720.0,529298302.0,252.5,254.5,247.0,248.0,-1.0,1626.0
2347,聯強,4769196.0,280494646.0,59.0,59.4,58.3,59.0,0.0,2427.0
2348,海悅,87938.0,5746565.0,65.0,66.2,64.5,65.6,0.9,76.0
2348A,海悅甲特,5679.0,202212.0,35.7,35.7,35.6,35.7,0.0,8.0
2349,錸德,1151381.0,9400849.0,8.19,8.25,8.08,8.1,-0.04,545.0
2351,順德,479101.0,49493093.0,103.5,104.5,102.5,102.5,0.0,365.0
2352,佳世達,2708323.0,75236574.0,28.0,28.0,27.6,27.75,-0.1,1237.0
2353,宏碁,16387726.0,379612882.0,23.55,23.55,22.95,23.0,-0.55,5361.0
2354,鴻準,6047289.0,325232428.0,53.4,54.3,53.1,53.7,0.9,3423.0
2355,敬鵬,294752.0,9010226.0,30.65,30.9,30.4,30.5,-0.05,258.0
2356,英業達,10320744.0,255219592.0,24.75,24.85,24.6,24.7,-0.1,3798.0
2357,華碩,2381783.0,638987276.0,271.0,271.5,266.5,267.5,-5.5,2270.0
2358,廷鑫,1535957.0,22091993.0,14.45,14.65,14.2,14.3,0.05,636.0
2359,所羅門,3565775.0,97096074.0,27.5,27.65,26.95,27.05,-0.25,1606.0
2360,致茂,985813.0,176469454.0,180.0,181.0,177.5,178.5,0.0,1730.0
2362,藍天,195286.0,6115904.0,31.45,31.45,31.15,31.2,-0.2,166.0
2363,矽統,1242307.0,20580560.0,16.55,16.65,16.45,16.6,0.15,670.0
2364,倫飛,687539.0,77330389.0,116.5,116.5,110.5,110.5,-4.5,625.0
2365,昆盈,129389.0,1291059.0,10.0,10.0,9.95,9.97,-0.03,95.0
2367,燿華,6017834.0,111067608.0,18.7,18.7,18.2,18.35,-0.2,2537.0
2368,金像電,3053546.0,293328591.0,96.1,97.0,95.0,95.0,-0.5,2183.0
2369,菱生,622058.0,8624523.0,13.9,14.0,13.75,13.75,-0.15,360.0
2371,大同,16909199.0,580171739.0,33.7,34.5,33.7,34.35,0.65,6608.0
2373,震旦行,68205.0,5313079.0,78.1,78.5,77.5,78.5,0.4,81.0
2374,佳能,452777.0,9599422.0,21.4,21.4,21.1,21.15,-0.1,323.0
2375,凱美,339032.0,20269668.0,61.1,61.1,59.3,59.5,-1.0,343.0
2376,技嘉,5997742.0,618311720.0,103.0,104.5,101.0,102.5,0.0,4662.0
2377,微星,3983225.0,477919047.0,120.5,122.0,118.0,120.5,0.0,2432.0
2379,瑞昱,3643419.0,1071914969.0,295.5,297.0,292.0,292.5,-7.0,3687.0
2380,虹光,911061.0,11118267.0,12.45,12.5,12.05,12.15,-0.2,454.0
2382,廣達,5671665.0,408756619.0,72.5,72.6,71.7,72.1,-0.4,3265.0
2383,台光電,1797924.0,339963114.0,192.0,192.5,186.0,187.0,-2.5,2195.0
2385,群光,1289432.0,108871040.0,84.9,84.9,84.0,84.6,-0.1,1090.0
2387,精元,417090.0,17075764.0,40.75,41.3,40.65,40.85,0.1,300.0
2388,威盛,38111383.0,2901308901.0,75.7,77.4,75.0,75.0,1.4,20979.0
2390,云辰,1313623.0,18259328.0,13.6,14.1,13.6,13.8,0.2,742.0
2392,正崴,1189437.0,45329675.0,38.5,38.5,37.85,37.95,-0.45,917.0
2393,億光,433966.0,16447646.0,37.8,38.1,37.7,38.0,0.2,335.0
2395,研華,930588.0,303947782.0,326.0,331.0,324.0,325.5,2.0,674.0
2397,友通,22290.0,1316561.0,59.2,59.2,58.8,59.0,0.0,53.0
2399,映泰,637513.0,8628349.0,13.7,13.7,13.45,13.45,-0.1,357.0
2401,凌陽,936358.0,22977937.0,24.6,24.7,24.3,24.6,0.2,660.0
2402,毅嘉,2977621.0,57059140.0,19.2,19.4,18.85,18.9,-0.15,1448.0
2404,漢唐,2067293.0,375376842.0,185.0,186.0,179.0,179.0,-10.0,15144.0
2405,輔信,1029226.0,12924289.0,12.65,12.8,12.5,12.5,0.0,479.0
2406,國碩,3998396.0,80429704.0,20.5,20.65,19.9,20.0,-0.2,2089.0
2408,南亞科,7507436.0,412772398.0,55.1,55.4,54.6,54.8,0.0,3392.0
2409,友達,39120134.0,610618979.0,15.9,15.95,15.4,15.45,-0.25,12398.0
2412,中華電,8203870.0,913808027.0,112.0,112.5,111.0,111.0,-1.5,4376.0
2413,環科,1887383.0,53749980.0,28.9,28.9,28.2,28.2,-0.4,1045.0
2414,精技,30147.0,914909.0,30.35,30.45,30.3,30.45,0.2,31.0
2415,錩新,61624.0,1403408.0,22.8,23.0,22.6,22.6,-0.3,118.0
2417,圓剛,721750.0,16958125.0,23.3,23.8,23.25,23.3,0.0,464.0
2419,仲琦,1266560.0,32940231.0,26.4,26.45,25.8,25.8,-0.3,763.0
2420,新巨,70451.0,2796821.0,39.5,39.8,39.5,39.7,0.2,65.0
2421,建準,1414407.0,63449981.0,44.5,45.35,44.1,44.85,0.45,1132.0
2423,固緯,54101.0,1463877.0,26.85,27.3,26.85,27.15,0.25,42.0
2424,隴華,47020.0,937561.0,20.55,20.55,20.5,20.5,0.6,87.0
2425,承啟,1197715.0,33547035.0,27.65,28.5,27.5,28.45,0.85,448.0
2426,鼎元,201954.0,3582922.0,17.8,17.9,17.6,17.6,-0.15,118.0
2427,三商電,339365.0,4106600.0,12.2,12.25,12.0,12.0,-0.15,133.0
2428,興勤,83025.0,9747482.0,119.0,119.0,117.0,117.5,0.5,95.0
2429,銘旺科,24000.0,252500.0,10.7,10.7,10.2,10.65,0.05,14.0
2430,燦坤,163790.0,6817947.0,42.05,42.4,41.25,41.5,-0.35,173.0
2431,聯昌,131284.0,1331653.0,10.2,10.25,10.05,10.25,0.05,81.0
2433,互盛電,7896.0,378811.0,47.95,48.1,47.9,48.1,0.15,12.0
2434,統懋,3383.0,95989.0,28.5,28.75,27.8,28.75,0.25,5.0
2436,偉詮電,711319.0,31607631.0,44.95,45.05,44.1,44.15,-0.25,559.0
2438,翔耀,8101.0,108503.0,13.5,13.5,13.05,13.5,0.0,8.0
2439,美律,619024.0,50003479.0,81.2,81.5,80.4,80.4,-0.5,571.0
2440,太空梭,65046.0,809161.0,12.5,12.5,12.4,12.45,0.0,58.0
2441,超豐,1359100.0,65538481.0,48.35,48.65,48.05,48.1,-0.1,1120.0
2442,新美齊,483232.0,6646363.0,13.75,13.95,13.6,13.7,-0.1,255.0
2443,昶虹,64430.0,182753.0,2.91,2.91,2.8,2.8,0.0,20.0
2444,兆勁,13603320.0,255825917.0,18.1,19.55,17.6,19.15,1.35,5630.0
2449,京元電子,3276506.0,118294806.0,36.05,36.35,35.85,36.1,0.15,2410.0
2450,神腦,60276.0,1862730.0,30.85,31.0,30.8,31.0,0.2,56.0
2451,創見,289269.0,19279017.0,66.5,67.0,66.3,67.0,0.1,233.0
2453,凌群,79192.0,1993471.0,25.15,25.25,25.1,25.15,0.1,59.0
2454,聯發科,6051369.0,4324084063.0,717.0,722.0,708.0,709.0,-3.0,5144.0
2455,全新,932552.0,66832485.0,72.0,72.7,70.8,70.8,-0.8,733.0
2457,飛宏,1728257.0,69006847.0,40.2,40.25,39.65,39.65,-0.3,1209.0
2458,義隆,1423957.0,126989249.0,88.2,90.0,88.0,89.7,1.6,1044.0
2459,敦吉,38285.0,1993320.0,52.2,52.3,51.9,52.0,-0.1,31.0
2460,建通,196388.0,3393524.0,17.2,17.5,17.1,17.35,0.2,119.0
2461,光群雷,152126.0,2861466.0,18.95,18.95,18.7,18.8,0.0,92.0
2462,良得電,156740.0,4295269.0,27.4,27.5,27.3,27.4,0.0,95.0
2464,盟立,1247300.0,48993212.0,39.95,40.05,38.95,39.05,-0.95,913.0
2465,麗臺,887223.0,32778760.0,37.15,37.5,36.5,36.55,-0.05,807.0
2466,冠西電,65150.0,2125481.0,32.55,32.75,32.4,32.7,0.15,48.0
2467,志聖,94961.0,4118708.0,43.6,43.6,43.2,43.2,-0.2,89.0
2468,華經,1698240.0,48673463.0,29.5,29.5,28.0,28.1,-0.9,1146.0
2471,資通,160577.0,4397170.0,27.65,27.85,27.2,27.25,-0.4,127.0
2472,立隆電,170351.0,9645773.0,56.7,57.5,56.3,56.3,-0.6,138.0
2474,可成,3490165.0,606147093.0,174.0,175.5,172.5,173.0,-1.5,2786.0
2476,鉅祥,671665.0,32394609.0,48.55,48.75,47.9,48.1,-0.35,494.0
2477,美隆電,102831.0,2086920.0,20.5,20.5,20.15,20.2,-0.25,93.0
2478,大毅,37135.0,1664234.0,45.1,45.2,44.7,44.7,0.0,44.0
2480,敦陽科,198441.0,16457151.0,83.1,83.6,82.5,82.8,0.2,180.0
2481,強茂,5424196.0,350103185.0,64.6,65.2,63.7,64.6,0.4,3923.0
2482,連宇,8867598.0,239639858.0,27.3,27.55,26.2,27.4,0.25,4257.0
2483,百容,179162.0,4471692.0,25.35,25.35,24.85,24.9,-0.1,102.0
2484,希華,1312001.0,46658023.0,36.1,36.1,35.4,35.4,-0.35,824.0
2485,兆赫,2844450.0,53361907.0,18.45,19.0,18.2,18.95,0.8,1395.0
2486,一詮,2537401.0,56761000.0,22.35,22.7,22.15,22.2,-0.05,1344.0
2488,漢平,98014.0,2844011.0,29.05,29.05,28.95,29.0,0.05,68.0
2489,瑞軒,942243.0,9239483.0,9.82,9.87,9.78,9.78,0.0,479.0
2491,吉祥全,244116.0,3032032.0,12.7,12.7,12.4,12.4,-0.2,20.0
2492,華新科,2184373.0,180331616.0,83.4,83.6,81.8,81.9,-2.6,2457.0
2493,揚博,116979.0,5092826.0,43.7,43.7,43.4,43.4,0.0,129.0
2495,普安,16020925.0,355643065.0,20.7,22.75,20.7,22.75,2.05,5599.0
2496,卓越,4346.0,204968.0,47.0,47.3,47.0,47.3,0.1,8.0
2497,怡利電,3026561.0,243502473.0,81.6,82.1,79.1,79.3,-1.8,2230.0
2498,宏達電,18340258.0,1087442537.0,59.6,60.3,58.3,58.4,-0.5,9948.0
2501,國建,830131.0,12944304.0,15.65,15.7,15.5,15.6,0.0,305.0
2504,國產,1639762.0,41596398.0,25.15,25.6,25.1,25.45,0.4,693.0
2505,國揚,234228.0,4394078.0,18.9,18.9,18.6,18.9,0.2,132.0
2506,太設,108336.0,1018588.0,9.39,9.47,9.39,9.41,0.03,68.0
2509,全坤建,24620.0,356202.0,14.4,14.5,14.4,14.4,0.05,110.0
2511,太子,174974.0,1867746.0,10.7,10.75,10.65,10.7,0.0,135.0
2514,龍邦,116064.0,2062706.0,17.9,18.0,17.7,17.75,0.0,60.0
2515,中工,2390390.0,20167797.0,8.45,8.48,8.38,8.4,-0.03,737.0
2516,新建,140210.0,713812.0,5.1,5.12,5.06,5.08,0.01,61.0
2520,冠德,1030623.0,29818759.0,29.2,29.5,28.6,28.9,-0.2,698.0
2524,京城,7486.0,252973.0,33.7,34.0,33.55,33.95,0.25,11.0
2527,宏璟,75200.0,1612800.0,21.4,21.5,21.4,21.5,0.05,56.0
2528,皇普,40000.0,642500.0,16.05,16.1,16.05,16.1,0.0,19.0
2530,華建,984700.0,17860799.0,17.7,18.45,17.7,18.45,0.75,423.0
2534,宏盛,879417.0,22456177.0,25.6,25.75,25.3,25.3,-0.45,418.0
2535,達欣工,438115.0,12976634.0,29.75,29.8,29.55,29.65,-0.1,825.0
2536,宏普,274329.0,6132540.0,22.4,22.4,22.3,22.35,-0.1,113.0
2537,聯上發,826560.0,5962941.0,7.23,7.27,7.18,7.21,0.02,319.0
2538,基泰,516311.0,6212627.0,12.1,12.15,11.95,12.1,0.0,355.0
2539,櫻花建,204323.0,6537744.0,31.75,32.1,31.75,32.1,0.35,186.0
2540,愛山林,405960.0,29139281.0,71.7,72.2,71.1,71.4,-0.3,110.0
2542,興富發,7339023.0,317481854.0,43.8,43.9,42.7,42.75,-0.9,6343.0
2543,皇昌,35000.0,306750.0,8.74,8.83,8.72,8.83,0.1,16.0
2545,皇翔,209399.0,8579218.0,41.1,41.3,40.6,40.95,-0.05,147.0
2546,根基,99630.0,5065672.0,51.1,51.3,50.2,50.5,-0.6,142.0
2547,日勝生,438938.0,4017773.0,9.19,9.19,9.12,9.15,-0.03,242.0
2548,華固,259148.0,22756860.0,88.0,88.1,87.6,87.6,-0.3,286.0
2597,潤弘,86436.0,10093350.0,117.0,118.0,115.5,118.0,1.0,95.0
2601,益航,1630291.0,14622157.0,8.97,9.03,8.89,9.0,0.11,680.0
2603,長榮,24119390.0,3757431785.0,156.5,158.0,153.5,155.0,0.5,10394.0
2605,新興,3850569.0,77098233.0,19.8,20.25,19.65,20.1,0.45,1713.0
2606,裕民,10370491.0,495941913.0,48.0,48.35,46.9,47.95,0.6,6712.0
2607,榮運,2092977.0,58140836.0,27.7,28.05,27.5,27.65,0.1,1101.0
2608,嘉里大榮,248796.0,9448270.0,38.0,38.3,37.7,37.95,-0.05,238.0
2609,陽明,39565297.0,2497793748.0,62.9,63.9,62.1,63.2,1.4,19862.0
2610,華航,52221566.0,999024504.0,19.5,19.55,18.9,19.1,-0.2,14038.0
2611,志信,726360.0,9797412.0,13.4,13.75,13.3,13.4,0.0,435.0
2612,中航,979903.0,36024622.0,36.7,37.7,36.15,36.4,0.3,694.0
2613,中櫃,774917.0,17752212.0,22.3,23.3,22.1,23.0,0.8,479.0
2614,東森,5980757.0,137062399.0,22.8,23.3,22.5,22.75,0.15,3464.0
2615,萬海,10177548.0,715439495.0,70.1,71.0,69.4,70.3,1.0,5612.0
2616,山隆,77115.0,2477357.0,32.3,32.3,32.0,32.05,-0.2,167.0
2617,台航,1180134.0,31478761.0,26.6,26.85,26.45,26.65,0.3,640.0
2618,長榮航,27557010.0,769429072.0,28.35,28.4,27.65,27.75,-0.3,9644.0
2630,亞航,44435.0,762244.0,17.25,17.3,17.1,17.15,0.05,66.0
2633,台灣高鐵,5899448.0,167562172.0,28.6,28.6,28.3,28.45,-0.15,1980.0
2634,漢翔,8303890.0,287317619.0,35.05,35.2,34.35,34.35,-0.5,4126.0
2636,台驊投控,1506175.0,108988143.0,72.0,73.1,71.4,72.4,0.9,713.0
2637,慧洋-KY,5573987.0,333410525.0,59.9,60.6,58.9,59.6,0.7,3772.0
2642,宅配通,86110.0,4024949.0,47.05,47.05,46.5,46.65,-0.15,97.0
2701,萬企,95125.0,1154220.0,12.1,12.2,12.05,12.2,0.1,69.0
2702,華園,480701.0,11022441.0,22.95,23.3,22.6,22.95,0.2,292.0
2704,國賓,109061.0,3391547.0,31.2,31.2,30.9,30.9,-0.25,57.0
2705,六福,567001.0,9666237.0,17.0,17.25,16.9,16.95,-0.05,276.0
2706,第一店,84375.0,1194294.0,14.2,14.2,14.1,14.2,0.0,80.0
2707,晶華,1269691.0,324144272.0,256.5,261.0,250.0,250.5,-2.0,5133.0
2712,遠雄來,15000.0,496400.0,33.0,33.6,32.9,32.9,-0.3,8.0
2722,夏都,47294.0,1634650.0,34.4,34.95,34.2,34.2,-0.05,24.0
2723,美食-KY,2363512.0,336923365.0,144.0,146.0,140.0,140.5,-1.0,1881.0
2727,王品,713288.0,117369894.0,165.0,168.0,162.0,163.0,0.5,2551.0
2731,雄獅,1010894.0,102806460.0,101.0,102.5,100.5,101.5,1.0,1717.0
2739,寒舍,61784.0,1826231.0,29.05,29.7,29.05,29.65,0.6,68.0
2748,雲品,1696137.0,98177086.0,59.2,59.8,56.7,56.7,-2.1,1158.0
2753,八方雲集,973646.0,204630463.0,213.0,216.5,206.0,207.5,-7.0,1027.0
2801,彰銀,8338545.0,144510745.0,17.4,17.45,17.25,17.35,-0.1,1396.0
2809,京城銀,3116583.0,111940979.0,35.9,36.1,35.7,35.85,0.0,2783.0
2812,台中銀,2023536.0,26483731.0,13.15,13.15,13.05,13.05,-0.05,1207.0
2816,旺旺保,12356.0,193205.0,15.5,15.7,15.5,15.7,0.05,12.0
2820,華票,570936.0,8320753.0,14.7,14.7,14.5,14.55,-0.05,474.0
2832,台產,121128.0,2471058.0,20.4,20.45,20.4,20.4,-0.1,68.0
2834,臺企銀,14314253.0,185750650.0,13.05,13.05,12.9,12.9,-0.1,3414.0
2836,高雄銀,174166.0,2196781.0,12.65,12.65,12.55,12.6,0.0,145.0
2836A,高雄銀甲特,1360.0,30020.0,22.1,22.1,22.1,22.1,0.1,4.0
2838,聯邦銀,486143.0,7860765.0,16.3,16.3,16.1,16.2,-0.05,335.0
2838A,聯邦銀甲特,81000.0,4169500.0,51.4,51.5,51.4,51.4,0.0,18.0
2845,遠東銀,3577284.0,40015059.0,11.2,11.25,11.15,11.2,0.05,1031.0
2849,安泰銀,22950.0,337566.0,14.65,14.75,14.65,14.75,0.1,22.0
2850,新產,244028.0,11663267.0,48.2,48.2,47.25,47.85,-0.25,245.0
2851,中再保,646797.0,12063408.0,18.7,18.75,18.55,18.7,-0.05,400.0
2852,第一保,249435.0,3929697.0,15.8,15.8,15.7,15.75,-0.05,113.0
2855,統一證,654579.0,10289441.0,15.7,15.8,15.65,15.75,0.05,505.0
2867,三商壽,14709014.0,86081738.0,5.91,6.0,5.79,5.79,-0.12,2987.0
2880,華南金,12082561.0,270698836.0,22.7,22.75,22.3,22.35,-0.35,3546.0
2881,富邦金,16148035.0,931988797.0,57.9,58.4,57.2,57.6,0.1,6224.0
2881A,富邦特,36407.0,2219603.0,61.0,61.0,60.9,60.9,0.0,16.0
2881B,富邦金乙特,65201.0,3713536.0,57.0,57.3,56.8,57.3,0.0,23.0
2881C,富邦金丙特,17814.0,979108.0,54.9,55.0,54.9,55.0,0.0,31.0
2882,國泰金,21769329.0,891978493.0,41.0,41.35,40.8,40.95,-0.05,5999.0
2882A,國泰特,148284.0,8405200.0,56.7,56.9,56.6,56.9,0.3,87.0
2882B,國泰金乙特,121957.0,6631561.0,54.5,54.5,54.3,54.4,-0.1,71.0
2883,開發金,37307027.0,476725794.0,13.0,13.0,12.7,12.8,-0.15,10923.0
2883B,開發金乙特,1207908.0,9281764.0,7.68,7.7,7.66,7.69,0.01,226.0
2884,玉山金,31778353.0,771676933.0,24.55,24.65,24.1,24.2,-0.35,11787.0
2885,元大金,26148389.0,579754229.0,22.3,22.5,22.05,22.1,-0.3,8576.0
2886,兆豐金,25585748.0,789200557.0,31.0,31.3,30.65,30.8,-0.35,10162.0
2887,台新金,18245845.0,272862047.0,15.0,15.05,14.9,14.95,0.05,3496.0
2887E,台新戊特,69000.0,3500600.0,50.8,50.8,50.7,50.7,-0.1,26.0
2887F,台新戊特二,69066.0,3233342.0,46.8,46.85,46.8,46.85,0.05,48.0
2887Z1,台新己特,32642.0,535772.0,16.4,16.5,16.4,16.5,0.1,22.0
2888,新光金,37463960.0,325113226.0,8.72,8.78,8.61,8.64,-0.03,4920.0
2888A,新光金甲特,17005.0,608778.0,35.8,35.85,35.75,35.85,0.05,16.0
2888B,新光金乙特,58131.0,2083343.0,35.8,35.9,35.8,35.85,0.1,38.0
2889,國票金,9338407.0,106318881.0,11.4,11.45,11.35,11.4,0.0,5136.0
2890,永豐金,40267201.0,707090038.0,17.75,17.85,17.4,17.4,-0.4,9079.0
2891,中信金,38964397.0,887709615.0,22.95,23.1,22.65,22.7,-0.2,8313.0
2891B,中信金乙特,12031.0,713421.0,59.3,59.3,59.3,59.3,0.0,15.0
2891C,中信金丙特,3900.0,226969.0,57.4,58.5,57.4,58.5,0.0,17.0
2892,第一金,21738389.0,566502669.0,26.4,26.45,25.95,26.0,-0.4,5236.0
2897,王道銀行,1127166.0,9556292.0,8.5,8.52,8.45,8.45,0.0,539.0
2897A,王道銀甲特,27000.0,267620.0,9.9,9.95,9.9,9.91,0.01,11.0
2901,欣欣,41421.0,978007.0,23.65,23.8,23.45,23.7,0.15,77.0
2903,遠百,1749970.0,35674906.0,20.25,20.55,20.2,20.55,0.4,706.0
2904,匯僑,11245.0,221936.0,19.75,19.75,19.7,19.75,0.0,18.0
2905,三商,531446.0,8103742.0,15.25,15.35,15.1,15.3,-0.1,278.0
2906,高林,1518179.0,26709320.0,18.1,18.15,17.3,17.3,-0.7,852.0
2908,特力,114470.0,2272672.0,20.0,20.0,19.8,19.85,-0.15,79.0
2910,統領,21012.0,669584.0,31.95,31.95,31.8,31.95,0.0,15.0
2911,麗嬰房,1647744.0,11424380.0,6.47,7.1,6.47,7.1,0.64,771.0
2912,統一超,1388620.0,374226443.0,272.5,273.5,268.0,268.5,-3.0,1178.0
2913,農林,913963.0,21004660.0,23.1,23.2,22.85,23.05,0.05,420.0
2915,潤泰全,6532790.0,437453251.0,66.5,67.5,65.9,66.9,0.4,3560.0
2923,鼎固-KY,8005.0,182065.0,22.8,23.0,22.1,22.9,0.55,9.0
2929,淘帝-KY,19990699.0,312323998.0,15.1,16.6,14.55,16.6,1.5,7355.0
2939,凱羿-KY,333761.0,13079247.0,39.1,39.55,38.4,39.1,0.0,155.0
2945,三商家購,11282.0,503830.0,45.2,45.2,44.5,44.6,-0.8,41.0
3002,歐格,95518.0,1094816.0,11.45,11.55,11.4,11.55,0.2,73.0
3003,健和興,240667.0,17309902.0,72.8,72.8,71.5,71.5,-0.9,237.0
3004,豐達科,277778.0,20378348.0,73.3,74.1,72.4,73.1,1.0,220.0
3005,神基,1284324.0,55578924.0,42.85,43.55,42.85,43.5,0.65,752.0
3006,晶豪科,1823253.0,128390693.0,69.9,70.8,69.9,70.7,1.0,1289.0
3008,大立光,403982.0,887701630.0,2215.0,2220.0,2170.0,2190.0,-10.0,1334.0
3010,華立,133114.0,11505174.0,86.0,86.7,86.0,86.6,0.0,131.0
3011,今皓,825099.0,12359246.0,15.5,15.5,14.75,14.9,-0.55,342.0
3013,晟銘電,16030863.0,313668516.0,19.0,19.85,18.5,19.85,1.8,4809.0
3014,聯陽,914676.0,69421084.0,77.0,77.0,75.1,75.1,-0.5,1080.0
3015,全漢,70754.0,2725683.0,38.8,38.8,38.35,38.35,-0.35,62.0
3016,嘉晶,559068.0,41931411.0,75.2,75.8,74.2,74.4,-0.4,471.0
3017,奇鋐,3565967.0,408901314.0,115.0,116.0,113.5,114.0,-0.5,2569.0
3019,亞光,405787.0,25670156.0,63.8,64.0,63.0,63.0,-0.5,358.0
3021,鴻名,60768.0,1256410.0,20.9,20.9,20.6,20.6,0.0,48.0
3022,威強電,3802179.0,297541662.0,80.0,80.8,77.0,77.0,-2.3,2791.0
3023,信邦,525903.0,148247116.0,281.0,284.0,277.5,283.0,2.0,591.0
3024,憶聲,873453.0,11651135.0,13.45,13.55,13.3,13.3,-0.15,266.0
3025,星通,665325.0,14127328.0,21.25,21.35,21.1,21.2,-0.05,428.0
3026,禾伸堂,84936.0,7581772.0,89.9,89.9,89.0,89.6,0.1,75.0
3027,盛達,18888950.0,663170827.0,34.1,36.6,33.95,34.35,0.25,9576.0
3028,增你強,223001.0,6331126.0,28.25,28.6,28.25,28.45,0.3,164.0
3029,零壹,243075.0,9945710.0,40.8,41.15,40.7,40.85,0.05,232.0
3030,德律,378515.0,24854458.0,66.3,66.3,65.5,65.6,-0.3,277.0
3031,佰鴻,58017.0,920668.0,15.95,16.0,15.8,15.9,0.05,33.0
3032,偉訓,105464.0,3187003.0,30.0,30.5,30.0,30.2,0.45,108.0
3033,威健,416825.0,11064006.0,26.55,26.6,26.5,26.6,0.1,282.0
3034,聯詠,3030804.0,898421406.0,296.0,299.0,295.0,295.5,-1.0,4332.0
3035,智原,7918757.0,1309996567.0,166.0,168.0,163.0,164.0,0.0,5309.0
3036,文曄,832107.0,52055945.0,62.9,62.9,61.9,62.7,0.2,627.0
3036A,文曄甲特,14020.0,672060.0,47.8,48.0,47.8,47.95,0.05,14.0
3037,欣興,31777207.0,4706410371.0,151.5,152.0,145.0,146.0,-4.0,15735.0
3038,全台,1443350.0,30826916.0,21.55,21.55,21.2,21.35,0.2,710.0
3040,遠見,10555.0,316700.0,30.05,30.05,29.8,30.05,0.25,16.0
3041,揚智,545469.0,11877286.0,21.9,21.95,21.65,21.75,-0.05,341.0
3042,晶技,565402.0,47954303.0,84.8,85.2,84.2,84.2,-1.0,809.0
3044,健鼎,713745.0,69341688.0,98.0,98.1,96.7,97.0,-1.0,571.0
3045,台灣大,3752933.0,355332168.0,95.9,95.9,94.1,95.1,-0.8,2229.0
3046,建碁,1749505.0,89852419.0,52.3,52.7,50.0,50.0,-2.0,1086.0
3047,訊舟,3896061.0,66442965.0,17.2,17.3,16.8,16.8,-0.3,1666.0
3048,益登,320886.0,8892184.0,27.75,27.85,27.6,27.7,-0.05,188.0
3049,和鑫,1434298.0,13548796.0,9.46,9.54,9.38,9.41,0.0,604.0
3050,鈺德,2641968.0,46092649.0,17.5,17.85,17.2,17.3,0.1,705.0
3051,力特,711622.0,13556295.0,19.2,19.25,18.75,19.0,-0.1,359.0
3052,夆典,536585.0,5595327.0,10.4,10.45,10.4,10.45,0.1,96.0
3054,立萬利,14000.0,271000.0,19.4,19.55,19.1,19.55,0.15,11.0
3055,蔚華科,58159.0,1455242.0,25.1,25.1,24.95,25.05,0.0,109.0
3056,總太,774144.0,23807378.0,31.0,31.0,30.6,30.75,-0.15,414.0
3057,喬鼎,416733.0,4188418.0,10.15,10.2,9.98,10.15,-0.05,335.0
3058,立德,289091.0,2937839.0,10.1,10.3,10.1,10.1,0.0,157.0
3059,華晶科,1812339.0,66089061.0,36.4,36.9,36.15,36.15,0.0,1176.0
3060,銘異,143564.0,2464853.0,17.3,17.3,17.05,17.05,-0.15,196.0
3062,建漢,4399123.0,110371824.0,25.4,25.5,24.7,24.7,-0.4,2190.0
3090,日電貿,224243.0,11541185.0,51.7,51.9,51.2,51.3,-0.1,182.0
3092,鴻碩,270380.0,10011611.0,37.3,37.5,36.6,36.6,-0.3,211.0
3094,聯傑,92152.0,2333320.0,25.5,25.5,25.2,25.2,-0.1,87.0
3130,一零四,14831.0,3010195.0,204.0,204.0,202.0,202.5,-0.5,81.0
3138,耀登,10107792.0,1567930791.0,158.5,164.5,143.0,145.0,-7.0,6566.0
3149,正達,622675.0,12560103.0,20.35,20.4,20.05,20.2,0.1,329.0
3164,景岳,4123573.0,108521945.0,24.7,26.8,24.2,26.75,2.35,2025.0
3167,大量,115240.0,4926119.0,42.5,43.0,42.3,42.4,0.15,22.0
3189,景碩,9291513.0,1079597346.0,118.5,119.0,114.0,115.0,-2.0,6150.0
3209,全科,373401.0,13352404.0,35.9,35.9,35.6,35.85,0.2,301.0
3229,晟鈦,114189.0,2306810.0,20.35,20.6,20.0,20.15,-0.7,94.0
3231,緯創,21618033.0,623776030.0,28.55,29.0,28.55,28.9,0.4,9436.0
3257,虹冠電,72993.0,3249808.0,44.85,44.85,44.0,44.3,0.4,47.0
3266,昇陽,24000.0,285250.0,11.8,11.95,11.8,11.9,0.1,15.0
3296,勝德,337397.0,5414341.0,16.2,16.2,15.9,16.15,0.05,210.0
3305,昇貿,724788.0,30547969.0,42.85,42.85,41.6,41.7,-1.25,590.0
3308,聯德,98920.0,1424563.0,14.6,14.65,14.15,14.45,-0.15,130.0
3311,閎暉,29036.0,963994.0,33.25,33.5,33.15,33.2,0.0,34.0
3312,弘憶股,188724.0,3331849.0,17.75,17.75,17.6,17.65,-0.05,124.0
3321,同泰,95158.0,800976.0,8.46,8.46,8.39,8.43,0.04,75.0
3338,泰碩,90200.0,3012399.0,33.4,33.7,33.25,33.45,0.2,71.0
3346,麗清,2227883.0,81867708.0,37.6,37.6,36.1,36.3,-1.1,1459.0
3356,奇偶,5528148.0,244701404.0,45.5,46.1,43.6,43.6,-1.75,3389.0
3376,新日興,132429.0,11110929.0,84.1,84.3,83.7,83.7,-0.3,152.0
3380,明泰,787978.0,24070245.0,30.65,30.9,30.4,30.5,-0.1,458.0
3406,玉晶光,1507769.0,564469771.0,375.0,378.0,371.0,371.5,-2.5,1537.0
3413,京鼎,453612.0,87816777.0,195.5,196.5,191.5,192.0,-2.5,571.0
3416,融程電,85152.0,7159397.0,83.9,84.5,83.6,84.1,0.7,92.0
3419,譁裕,13240679.0,281403087.0,21.3,21.75,20.45,21.35,0.45,5479.0
3432,台端,495136.0,10136628.0,20.7,20.95,20.2,20.2,-0.55,260.0
3437,榮創,96932.0,1711528.0,17.7,17.85,17.55,17.65,0.05,121.0
3443,創意,7451174.0,5796881615.0,773.0,792.0,766.0,767.0,5.0,6465.0
3450,聯鈞,99054.0,3849571.0,38.8,39.0,38.75,38.8,-0.1,82.0
3454,晶睿,6939236.0,1483395664.0,216.0,218.0,210.5,213.0,-2.0,6307.0
3481,群創,59207180.0,693436088.0,11.85,11.9,11.6,11.65,-0.15,10863.0
3494,誠研,5902804.0,74155911.0,12.15,12.95,11.95,12.9,0.9,2774.0
3501,維熹,509810.0,26139238.0,50.9,51.7,50.7,51.5,0.8,420.0
3504,揚明光,1519631.0,126636077.0,85.0,85.0,82.1,82.3,-2.0,1260.0
3515,華擎,2169200.0,284469170.0,129.5,134.0,127.5,130.5,2.0,1919.0
3518,柏騰,153208.0,3199334.0,20.55,21.5,20.55,20.85,0.3,82.0
3528,安馳,9182.0,461336.0,50.5,50.5,50.0,50.4,0.55,11.0
3530,晶相光,44065.0,3406571.0,78.7,78.7,76.9,76.9,-0.4,48.0
3532,台勝科,1013562.0,153901405.0,154.0,154.5,150.5,150.5,-1.5,850.0
3533,嘉澤,329442.0,292765565.0,892.0,898.0,878.0,883.0,-3.0,453.0
3535,晶彩科,1922426.0,44537000.0,23.3,23.45,23.0,23.25,0.0,1025.0
3536,誠創,33000.0,136270.0,4.25,4.25,4.02,4.04,-0.21,16.0
3543,州巧,15140.0,301703.0,19.95,20.0,19.9,19.9,0.2,23.0
3545,敦泰,1405854.0,88537351.0,63.1,63.7,62.5,62.5,-0.1,1045.0
3550,聯穎,63419.0,891004.0,13.9,14.15,13.9,14.0,0.0,44.0
3557,嘉威,25208.0,1237074.0,49.1,49.15,48.85,49.1,0.15,52.0
3563,牧德,55109.0,7595163.0,139.5,139.5,136.0,136.5,-2.0,77.0
3576,聯合再生,12050487.0,255201174.0,21.5,21.5,21.0,21.0,-0.4,4949.0
3583,辛耘,335553.0,25660900.0,76.5,77.5,75.8,75.9,0.1,304.0
3588,通嘉,187232.0,11153647.0,59.5,60.2,59.3,59.3,-0.2,171.0
3591,艾笛森,284336.0,4777228.0,16.5,17.0,16.5,16.85,0.4,171.0
3592,瑞鼎,456571.0,135771983.0,303.0,303.0,294.0,294.0,-5.0,628.0
3593,力銘,23006.0,315978.0,13.65,13.9,13.6,13.85,-0.05,22.0
3596,智易,787976.0,80793828.0,103.5,103.5,101.5,101.5,-1.0,574.0
3605,宏致,128713.0,4242967.0,33.1,33.15,32.7,32.9,-0.2,111.0
3607,谷崧,77264.0,950666.0,12.3,12.4,12.25,12.3,-0.1,69.0
3617,碩天,510314.0,51722079.0,103.0,103.5,100.5,101.0,-1.0,477.0
3622,洋華,171241.0,4924418.0,28.75,29.0,28.5,28.65,0.1,121.0
3645,達邁,333399.0,11468811.0,34.5,34.65,34.25,34.3,-0.2,227.0
3652,精聯,16040.0,377921.0,23.8,23.8,23.4,23.5,-0.1,17.0
3653,健策,399003.0,154990805.0,393.5,393.5,384.0,384.0,-4.0,477.0
3661,世芯-KY,4158466.0,3673895345.0,891.0,905.0,865.0,865.0,-14.0,4421.0
3665,貿聯-KY,2159073.0,564583278.0,263.0,263.5,260.0,261.5,-1.5,1708.0
3669,圓展,819921.0,37273256.0,43.2,46.2,42.85,46.0,2.95,630.0
3673,TPK-KY,399681.0,12261453.0,30.8,30.85,30.5,30.5,-0.15,283.0
3679,新至陞,65351.0,6058345.0,93.6,93.6,91.7,92.0,-1.6,163.0
3682,亞太電,5121108.0,30105948.0,5.94,6.0,5.82,5.97,0.05,2676.0
3686,達能,2848463.0,42722079.0,15.0,15.6,14.5,15.0,-0.75,1581.0
3694,海華,122100.0,2448655.0,20.15,20.15,20.0,20.0,-0.15,57.0
3701,大眾控,627145.0,25800953.0,42.0,42.0,40.5,40.5,-1.2,482.0
3702,大聯大,5859789.0,278694607.0,48.25,48.3,47.1,47.35,-1.4,3394.0
3702A,大聯大甲特,51000.0,2461700.0,48.25,48.3,48.25,48.25,0.0,19.0
3703,欣陸,4882605.0,140430783.0,29.3,29.3,28.3,28.35,-1.3,3160.0
3704,合勤控,3613626.0,119682825.0,33.7,33.75,32.7,32.8,0.25,2407.0
3705,永信,15831773.0,724289006.0,43.55,47.15,43.35,46.7,3.7,9002.0
3706,神達,1661644.0,49071767.0,29.5,29.65,29.3,29.65,0.2,1012.0
3708,上緯投控,835725.0,80990537.0,97.0,97.9,95.6,95.6,-0.4,797.0
3711,日月光投控,16942887.0,1638271612.0,98.5,98.7,95.8,96.3,-1.8,31893.0
3712,永崴投控,126785.0,3416474.0,26.8,27.2,26.6,26.75,0.4,123.0
3714,富采,6379482.0,304995330.0,46.7,48.4,46.45,48.25,2.15,4345.0
3715,定穎投控,351591.0,6121972.0,17.55,17.55,17.3,17.3,-0.15,219.0
4104,佳醫,419382.0,27816558.0,66.6,67.2,65.6,65.7,-0.8,558.0
4106,雃博,13368438.0,434678680.0,30.45,33.85,30.3,33.85,3.05,7305.0
4108,懷特,872885.0,17782209.0,20.2,20.75,20.0,20.2,0.3,633.0
4119,旭富,3020432.0,299758368.0,97.2,102.0,96.9,98.0,2.1,2278.0
4133,亞諾法,2665201.0,110311980.0,38.6,42.1,38.5,42.1,3.8,1401.0
4137,麗豐-KY,742750.0,146772802.0,200.5,204.0,194.5,194.5,-6.5,1398.0
4142,國光生,2684643.0,99328460.0,35.8,37.55,35.8,37.1,1.4,1652.0
4148,全宇生技-KY,382382.0,23240092.0,59.8,61.7,59.4,60.2,0.8,312.0
4155,訊映,6584583.0,182861739.0,27.75,28.35,27.1,27.55,-0.15,3182.0
4164,承業醫,841448.0,38352798.0,45.5,46.15,45.05,45.55,-0.85,507.0
4190,佐登-KY,308057.0,24847575.0,81.0,81.8,79.9,79.9,-0.7,414.0
4306,炎洲,417968.0,6157764.0,14.75,14.9,14.6,14.6,-0.15,289.0
4426,利勤,963755.0,24999275.0,25.65,26.45,25.5,25.6,0.1,615.0
4438,廣越,191766.0,22988440.0,122.0,122.0,119.0,119.0,-3.0,199.0
4439,冠星-KY,15000.0,1516500.0,101.0,101.5,101.0,101.5,0.5,12.0
4440,宜新實業,25300.0,842354.0,33.25,33.4,33.25,33.4,0.15,21.0
4526,東台,95810.0,1390492.0,14.6,14.65,14.4,14.6,0.0,128.0
4532,瑞智,384901.0,6392015.0,16.6,16.75,16.5,16.6,0.1,167.0
4536,拓凱,2497522.0,488864493.0,200.5,202.0,192.5,193.0,-9.0,2673.0
4540,全球傳動,67136.0,2529447.0,37.8,37.95,37.45,37.7,-0.1,57.0
4545,銘鈺,31015.0,871576.0,28.35,28.35,27.9,28.15,-0.2,25.0
4551,智伸科,187790.0,28755383.0,155.0,155.0,152.0,152.5,-1.5,181.0
4552,力達-KY,79300.0,2330047.0,29.2,29.55,29.2,29.4,0.1,34.0
4555,氣立,2190.0,109549.0,49.95,50.2,49.95,50.2,0.0,7.0
4557,永新-KY,57644.0,5852370.0,101.5,102.5,101.0,101.0,-1.0,74.0
4560,強信-KY,26000.0,995800.0,38.55,38.55,38.2,38.4,0.0,23.0
4562,穎漢,46120.0,708435.0,15.4,15.5,15.25,15.4,0.0,34.0
4564,元翎,171630.0,4083310.0,24.3,24.3,23.5,23.5,-0.25,141.0
4566,時碩工業,1728324.0,99174488.0,57.5,58.0,56.6,56.7,-0.2,1061.0
4571,鈞興-KY,9000.0,678100.0,75.5,75.5,75.2,75.3,-0.2,8.0
4572,駐龍,269714.0,32353244.0,122.5,122.5,119.0,119.0,-1.5,244.0
4576,大銀微系統,42380.0,3035585.0,71.5,72.3,71.2,71.6,-0.2,45.0
4581,光隆精密-KY,25005.0,874076.0,34.95,35.6,34.7,34.7,-0.1,24.0
4583,台灣精銳,18044.0,3348772.0,188.0,188.0,185.0,187.0,-1.0,20.0
4720,德淵,101011.0,1452806.0,14.4,14.5,14.25,14.25,0.0,68.0
4722,國精化,23054.0,788533.0,34.2,34.4,34.1,34.4,0.2,27.0
4737,華廣,31057.0,2429974.0,77.4,79.0,77.4,78.2,0.9,48.0
4739,康普,480526.0,48321383.0,101.0,102.0,100.0,100.0,-0.5,405.0
4746,台耀,6015444.0,400277147.0,65.8,68.6,65.2,65.9,0.7,3784.0
4755,三福化,819348.0,108728134.0,136.0,136.5,129.5,130.0,-3.5,803.0
4763,材料-KY,2197974.0,385295090.0,179.0,181.5,171.0,173.0,-4.5,2388.0
4764,雙鍵,6000.0,320900.0,54.5,54.5,52.0,52.4,1.0,5.0
4766,南寶,82354.0,11092089.0,136.0,136.0,134.0,134.5,-1.0,81.0
4770,上品,1379559.0,437605612.0,325.0,331.5,308.0,308.0,-16.5,1437.0
4807,日成-KY,20106.0,450527.0,22.45,22.45,22.1,22.4,-0.05,23.0
4904,遠傳,5414814.0,362738335.0,67.5,67.6,66.8,66.8,-0.8,2604.0
4906,正文,1249824.0,35426239.0,28.6,28.6,28.1,28.1,-0.25,708.0
4912,聯德控股-KY,20174.0,1598836.0,79.6,80.0,78.4,78.6,-0.8,23.0
4915,致伸,7474550.0,434623497.0,58.0,59.0,57.4,57.4,-0.2,4321.0
4916,事欣科,2740225.0,78235964.0,28.5,29.15,28.1,28.15,-0.1,1736.0
4919,新唐,4174694.0,506326100.0,123.5,124.0,119.5,120.0,-2.0,3561.0
4927,泰鼎-KY,1142001.0,67332359.0,59.9,60.0,58.7,59.2,-0.3,629.0
4930,燦星網,53176.0,1436796.0,27.05,27.15,26.9,26.9,-0.25,74.0
4934,太極,3281162.0,97724909.0,30.2,30.4,29.4,29.4,0.1,1961.0
4935,茂林-KY,108311.0,6342682.0,58.8,58.9,58.3,58.5,-0.2,99.0
4938,和碩,7033490.0,442692465.0,63.0,63.4,62.5,63.2,0.0,3293.0
4942,嘉彰,88125.0,3179155.0,36.15,36.4,35.8,35.8,-0.2,53.0
4943,康控-KY,64734.0,453568.0,7.0,7.1,7.0,7.07,0.07,35.0
4952,凌通,159590.0,7566484.0,47.5,47.65,47.15,47.35,-0.05,141.0
4956,光鋐,83004.0,1232962.0,14.95,15.1,14.75,14.85,0.1,71.0
4958,臻鼎-KY,5896278.0,670442261.0,117.0,117.0,112.0,112.5,-3.5,3492.0
4960,誠美材,1843585.0,18407482.0,9.98,10.1,9.97,9.97,0.0,303.0
4961,天鈺,1047502.0,122236791.0,117.5,118.5,115.5,115.5,-1.0,865.0
4967,十銓,193227.0,5933243.0,30.5,31.1,30.4,30.55,0.05,206.0
4968,立積,1807031.0,217094736.0,123.0,123.5,118.5,118.5,-3.5,1402.0
4976,佳凌,252356.0,9755160.0,39.45,39.45,38.3,38.3,-0.7,189.0
4977,眾達-KY,3399342.0,369746600.0,110.5,112.0,106.0,106.5,-1.5,2166.0
4989,榮科,127803.0,3353084.0,26.65,26.65,25.9,26.05,-0.15,89.0
4994,傳奇,87297.0,3549182.0,41.45,41.45,40.05,40.3,-0.75,78.0
4999,鑫禾,27006.0,993572.0,36.8,36.95,36.7,36.95,0.2,24.0
5007,三星,12088.0,618400.0,51.0,51.5,50.9,51.5,0.7,17.0
5203,訊連,81084.0,6913153.0,86.2,86.2,84.6,84.9,-1.3,95.0
5215,科嘉-KY,133651.0,6394070.0,47.6,48.25,47.35,47.5,0.05,122.0
5222,全訊,577983.0,81752464.0,146.5,146.5,139.0,140.5,-4.0,487.0
5225,東科-KY,1459871.0,54621936.0,36.7,38.3,36.15,37.3,0.8,949.0
5234,達興材料,280949.0,19868188.0,68.8,71.3,68.8,71.0,3.0,229.0
5243,乙盛-KY,778938.0,47371309.0,61.5,61.5,60.3,60.3,-0.8,699.0
5244,弘凱,36196.0,975773.0,26.6,27.2,26.6,27.2,0.15,43.0
5258,虹堡,7738546.0,533974545.0,70.3,70.7,67.6,67.8,-1.8,5038.0
5269,祥碩,457252.0,324466468.0,717.0,720.0,701.0,701.0,-10.0,761.0
5283,禾聯碩,77914.0,8011109.0,103.5,103.5,102.5,103.0,-0.5,106.0
5284,jpp-KY,1370119.0,86729116.0,64.7,64.8,62.3,63.6,-0.4,1062.0
5285,界霖,135515.0,8659250.0,64.9,64.9,63.5,63.8,0.0,94.0
5288,豐祥-KY,430203.0,71445812.0,171.5,171.5,164.0,167.0,-3.5,414.0
5306,桂盟,762112.0,112312016.0,148.0,149.5,145.0,148.0,-9.0,1531.0
5388,中磊,2792164.0,224696421.0,82.1,82.1,79.3,79.4,-2.1,2449.0
5434,崇越,362012.0,60456978.0,169.5,169.5,164.5,168.5,-0.5,467.0
5469,瀚宇博,753399.0,24808459.0,33.5,33.5,32.8,32.85,-0.15,443.0
5471,松翰,204506.0,10107234.0,49.3,49.65,49.15,49.65,0.65,172.0
5484,慧友,86115.0,1198708.0,14.1,14.1,13.7,13.95,0.35,45.0
5515,建國,90403.0,1028593.0,11.5,11.55,11.35,11.35,-0.05,33.0
5519,隆大,112084.0,2548942.0,22.75,22.8,22.7,22.75,0.0,93.0
5521,工信,171061.0,1135950.0,6.63,6.66,6.6,6.64,0.05,152.0
5522,遠雄,914084.0,48549819.0,53.1,53.9,52.8,53.1,-0.3,732.0
5525,順天,18887.0,445451.0,23.8,23.8,23.5,23.6,0.1,33.0
5531,鄉林,102578.0,967216.0,9.45,9.58,9.36,9.46,0.01,56.0
5533,皇鼎,104704.0,1837024.0,17.5,17.65,17.45,17.65,0.15,65.0
5534,長虹,215477.0,15376279.0,71.6,71.6,71.2,71.2,-0.4,213.0
5538,東明-KY,15009.0,629523.0,41.85,42.0,41.85,42.0,0.35,16.0
5546,永固-KY,14020.0,660390.0,47.8,47.8,46.95,47.1,-0.1,15.0
5607,遠雄港,688398.0,35418617.0,51.5,52.1,50.7,51.7,0.5,447.0
5608,四維航,7365316.0,190107721.0,25.7,26.15,25.4,25.6,0.15,3458.0
5706,鳳凰,988172.0,57755781.0,58.6,59.2,57.8,58.2,0.4,665.0
5871,中租-KY,4721144.0,999099735.0,211.5,214.0,208.5,209.5,-1.0,5708.0
5871A,中租-KY甲特,122916.0,11936275.0,97.1,97.2,97.1,97.1,0.0,69.0
5876,上海商銀,5432405.0,256768194.0,47.85,47.95,47.1,47.1,-0.5,1451.0
5880,合庫金,14541316.0,379642322.0,26.4,26.45,26.0,26.1,-0.25,3886.0
5906,台南-KY,2614.0,78358.0,30.0,30.0,30.0,30.0,0.0,3.0
5907,大洋-KY,2623751.0,46663074.0,16.9,18.4,16.3,18.3,1.55,1168.0
6005,群益證,1880635.0,21481406.0,11.45,11.5,11.35,11.5,0.0,660.0
6024,群益期,115667.0,4263929.0,36.9,37.5,36.75,36.95,0.15,116.0
6108,競國,60185.0,999098.0,16.65,16.65,16.5,16.65,0.05,50.0
6112,邁達特,93513.0,3027292.0,32.9,32.9,32.25,32.25,-0.4,89.0
6115,鎰勝,38582.0,1634706.0,42.4,42.5,42.25,42.5,0.15,45.0
6116,彩晶,5789429.0,64416114.0,11.2,11.25,11.05,11.1,0.0,1418.0
6117,迎廣,341410.0,4857978.0,14.45,14.5,14.0,14.2,-0.15,228.0
6120,達運,262274.0,2351488.0,8.99,9.03,8.91,8.96,-0.02,250.0
6128,上福,95152.0,2809148.0,29.5,29.65,29.4,29.5,0.05,54.0
6133,金橋,1884183.0,46313044.0,25.1,25.1,24.3,24.3,-0.4,1005.0
6136,富爾特,57104.0,1049805.0,18.15,18.5,18.15,18.4,0.05,48.0
6139,亞翔,1573782.0,59349359.0,38.4,38.4,37.2,37.3,-0.8,1140.0
6141,柏承,1583626.0,32618022.0,20.2,21.8,19.9,21.15,0.9,318.0
6142,友勁,2067584.0,20673060.0,9.88,10.25,9.87,10.1,0.25,688.0
6152,百一,380498.0,3928051.0,10.5,10.5,10.25,10.25,-0.05,172.0
6153,嘉聯益,3750546.0,93774173.0,25.2,25.3,24.8,24.8,-0.25,1833.0
6155,鈞寶,586413.0,14748866.0,25.8,25.8,24.6,25.0,-0.5,464.0
6164,華興,198358.0,2048820.0,10.3,10.4,10.25,10.3,0.05,108.0
6165,浪凡,199022.0,5668518.0,27.7,29.0,27.6,28.35,0.7,141.0
6166,凌華,196255.0,10774149.0,54.6,55.2,54.5,55.0,0.9,112.0
6168,宏齊,175006.0,3179209.0,18.2,18.3,18.05,18.1,-0.1,116.0
6176,瑞儀,2244992.0,233212848.0,105.5,106.0,102.5,103.5,-2.5,1853.0
6177,達麗,478303.0,13789367.0,28.85,28.9,28.75,28.85,0.25,266.0
6183,關貿,16251.0,968341.0,59.6,59.8,59.5,59.8,0.0,28.0
6184,大豐電,12760.0,612174.0,47.95,48.0,47.95,48.0,0.05,36.0
6189,豐藝,203967.0,7722954.0,38.2,38.2,37.7,38.05,-0.05,227.0
6191,精成科,449413.0,12911629.0,28.9,28.9,28.55,28.65,-0.15,316.0
6192,巨路,264024.0,18589660.0,70.0,71.1,69.5,70.2,0.8,276.0
6196,帆宣,807216.0,99087798.0,124.5,125.5,121.0,121.5,-2.0,783.0
6197,佳必琪,270934.0,11026093.0,41.25,41.25,40.45,40.5,-0.5,218.0
6201,亞弘電,4000.0,158250.0,39.5,39.65,39.5,39.65,0.15,4.0
6202,盛群,861475.0,58634805.0,68.5,68.7,67.6,68.0,-0.3,816.0
6205,詮欣,846335.0,63141740.0,75.4,76.0,73.8,74.0,-1.1,614.0
6206,飛捷,427597.0,28289467.0,65.7,66.5,65.3,66.4,1.0,422.0
6209,今國光,129869.0,3413426.0,26.4,26.5,26.1,26.1,-0.3,91.0
6213,聯茂,2106944.0,160221285.0,76.5,77.0,74.9,76.5,0.0,1580.0
6214,精誠,865165.0,60501832.0,70.5,70.6,69.6,69.8,-0.7,238.0
6215,和椿,71324.0,1461583.0,20.55,20.65,20.4,20.45,-0.05,76.0
6216,居易,164460.0,4231907.0,25.7,25.8,25.65,25.7,0.0,110.0
6224,聚鼎,46509.0,2590752.0,56.7,56.7,55.2,55.5,-1.0,63.0
6225,天瀚,19858.0,196786.0,10.7,10.7,9.56,10.3,0.0,16.0
6226,光鼎,416167.0,4678665.0,11.25,11.35,11.1,11.1,-0.15,193.0
6230,尼得科超眾,46892.0,5700004.0,122.5,123.0,120.5,122.0,0.5,79.0
6235,華孚,5448910.0,207432577.0,38.4,38.7,37.3,37.35,-0.5,3386.0
6239,力成,2567305.0,211518497.0,82.7,82.8,82.0,82.2,-0.4,2195.0
6243,迅杰,440249.0,12820065.0,30.2,30.2,28.6,28.75,-0.6,375.0
6257,矽格,3184424.0,159354019.0,49.75,50.5,49.5,50.1,0.7,1322.0
6269,台郡,1883172.0,189309344.0,102.5,103.0,99.8,100.5,-1.5,2153.0
6271,同欣電,2371165.0,505348303.0,223.5,223.5,208.0,209.5,-10.5,12911.0
6277,宏正,98819.0,7618594.0,77.1,77.6,76.7,76.8,-0.2,105.0
6278,台表科,1246099.0,122019838.0,98.2,98.4,97.1,97.5,0.1,791.0
6281,全國電,12500.0,1018886.0,81.7,81.7,81.4,81.6,0.0,22.0
6282,康舒,2938936.0,89551054.0,30.45,30.75,30.2,30.35,0.1,1653.0
6283,淳安,404684.0,13819795.0,34.65,34.65,33.65,33.7,-0.95,268.0
6285,啟碁,4823051.0,414314951.0,87.2,87.7,85.0,85.0,-2.1,3814.0
6288,聯嘉,1347446.0,33747639.0,25.3,25.45,24.6,24.85,-0.1,773.0
6405,悅城,34000.0,714150.0,20.95,21.15,20.75,21.15,0.05,19.0
6409,旭隼,136412.0,227207475.0,1700.0,1725.0,1640.0,1655.0,-15.0,266.0
6412,群電,311052.0,23109331.0,74.0,74.7,73.6,74.7,0.7,501.0
6414,樺漢,605141.0,127417000.0,210.0,213.0,208.5,208.5,0.5,537.0
6415,矽力*-KY,2725647.0,1362196717.0,510.0,510.0,492.0,492.0,6.0,2634.0
6416,瑞祺電通,180748.0,16811600.0,94.7,95.0,91.7,92.0,-2.0,191.0
6426,統新,197133.0,13628864.0,70.8,71.1,68.3,68.4,-1.4,160.0
6431,光麗-KY,64000.0,1369950.0,21.45,21.85,21.1,21.15,-0.55,50.0
6438,迅得,156253.0,13884250.0,89.0,89.5,88.0,88.9,0.7,142.0
6442,光聖,696751.0,35902025.0,51.8,52.3,51.0,51.1,-0.5,502.0
6443,元晶,24278432.0,859327348.0,36.1,36.3,35.0,35.05,-0.8,12952.0
6449,鈺邦,97466.0,4225171.0,42.3,44.55,42.3,43.7,1.7,89.0
6451,訊芯-KY,1665857.0,150772270.0,89.9,91.7,88.9,90.4,1.0,1370.0
6456,GIS-KY,958616.0,87752324.0,92.0,92.3,90.7,91.1,-0.3,1080.0
6464,台數科,37141.0,3682932.0,99.0,99.8,98.3,99.0,-0.1,28.0
6477,安集,3878199.0,187043874.0,49.1,49.25,47.8,47.8,-1.35,2677.0
6491,晶碩,917044.0,372819989.0,406.0,415.5,400.0,402.5,0.0,918.0
6504,南六,35156.0,2540769.0,72.9,73.0,71.6,72.3,0.2,39.0
6505,台塑化,2143917.0,174316275.0,81.1,81.9,81.0,81.0,-0.1,1110.0
6515,穎崴,785337.0,363672725.0,480.0,481.0,455.0,455.0,-18.0,2251.0
6525,捷敏-KY,50054.0,3572554.0,72.2,72.2,71.1,71.3,-0.2,70.0
6531,愛普*,2371908.0,442262841.0,188.0,190.5,183.0,184.5,-1.5,2357.0
6533,晶心科,3627877.0,1877772221.0,515.0,527.0,509.0,510.0,0.0,3353.0
6541,泰福-KY,1840160.0,75933673.0,40.65,42.85,39.8,40.05,0.5,1283.0
6550,北極星藥業-KY,3530590.0,358726054.0,102.0,103.5,100.0,100.0,-1.0,2668.0
6552,易華電,88980.0,2855663.0,32.1,32.2,32.0,32.15,0.15,22.0
6558,興能高,315283.0,7665316.0,24.9,25.1,23.85,23.9,-0.5,223.0
6573,虹揚-KY,46000.0,604850.0,13.25,13.25,13.05,13.2,0.0,34.0
6579,研揚,87081.0,7555101.0,86.8,87.3,86.3,86.6,0.3,82.0
6581,鋼聯,50637.0,4866108.0,96.0,96.8,95.6,96.0,0.0,73.0
6582,申豐,142987.0,8338192.0,57.3,58.9,57.3,58.7,1.8,131.0
6585,鼎基,230050.0,11991700.0,52.0,53.5,51.0,51.8,0.8,145.0
6591,動力-KY,215971.0,9681247.0,45.5,45.5,44.25,44.3,-0.8,218.0
6592,和潤企業,246573.0,25356410.0,103.0,103.5,102.0,102.5,0.0,251.0
6592A,和潤企業甲特,6077.0,575345.0,94.6,94.7,94.6,94.7,0.1,9.0
6598,ABC-KY,860084.0,26671804.0,28.8,31.5,28.8,31.5,2.85,406.0
6605,帝寶,496582.0,37130287.0,75.5,75.5,74.5,74.6,-0.8,409.0
6625,必應,205474.0,7422441.0,36.8,36.95,35.5,35.5,-1.3,208.0
6641,基士德-KY,1164.0,61892.0,53.2,53.2,53.2,53.2,0.0,2.0
6655,科定,4000.0,518000.0,129.5,129.5,129.5,129.5,0.0,3.0
6666,羅麗芬-KY,780978.0,63953262.0,82.3,84.1,79.2,81.3,-0.2,712.0
6668,中揚光,377547.0,15174803.0,41.7,41.7,39.4,39.45,-1.55,272.0
6669,緯穎,1054860.0,964420109.0,915.0,926.0,909.0,909.0,-2.0,929.0
6670,復盛應用,327682.0,72183896.0,222.5,223.0,219.0,219.0,-4.0,431.0
6671,三能-KY,7060.0,265350.0,37.4,37.75,37.4,37.75,0.2,9.0
6672,騰輝電子-KY,497329.0,38142995.0,78.0,78.0,76.1,76.1,-1.4,395.0
6674,鋐寶科技,4000.0,94500.0,23.95,23.95,23.15,23.7,0.0,4.0
6689,伊雲谷,315346.0,26852430.0,87.5,88.5,83.2,83.4,-2.0,352.0
6691,洋基工程,384837.0,76260296.0,199.0,203.0,194.5,196.0,-1.5,1774.0
6695,芯鼎,519391.0,23705127.0,45.65,46.35,45.05,45.05,0.0,446.0
6698,旭暉應材,25002.0,747060.0,30.0,30.0,29.7,29.85,-0.15,25.0
6706,惠特,427405.0,40310185.0,94.3,94.8,93.9,93.9,0.0,344.0
6715,嘉基,1373881.0,193794298.0,140.0,147.0,136.5,138.0,1.5,847.0
6719,力智,1321193.0,361531488.0,276.5,280.0,268.5,271.0,-2.5,1409.0
6743,安普新,112416.0,4080786.0,36.5,36.6,36.0,36.0,-0.5,130.0
6754,匯僑設計,214080.0,10371332.0,48.45,48.8,48.0,48.4,0.6,221.0
6756,威鋒電子,344835.0,71658035.0,211.0,211.5,205.5,205.5,-2.0,527.0
6768,志強-KY,1421647.0,107770389.0,77.5,77.8,74.6,75.1,-2.1,1108.0
6770,力積電,14088165.0,457837438.0,32.5,32.75,32.3,32.4,0.2,5465.0
6776,展碁國際,28006.0,1084882.0,38.8,38.8,38.65,38.7,-0.1,27.0
6781,AES-KY,2187609.0,1548655040.0,741.0,741.0,692.0,695.0,-37.0,2684.0
6782,視陽,1569823.0,549574342.0,340.0,358.5,338.0,351.0,6.0,1651.0
6789,采鈺,753319.0,169630594.0,226.0,229.0,221.0,221.0,-2.0,907.0
6790,永豐實,27346.0,990158.0,36.2,36.25,36.2,36.2,-0.05,29.0
6792,詠業,54131.0,3948789.0,73.1,73.8,72.5,72.5,-0.2,46.0
6796,晉弘,92600.0,7225108.0,77.9,79.9,77.3,77.4,-0.5,114.0
6799,來頡,169262.0,17282461.0,103.0,105.0,99.8,99.9,-2.1,145.0
6806,森崴能源,7153125.0,526908583.0,71.7,75.4,71.2,74.0,3.1,5702.0
6807,峰源-KY,6002.0,152600.0,25.45,25.6,25.35,25.45,0.1,8.0
6830,汎銓,120483.0,11921266.0,99.5,101.0,98.0,98.2,-0.8,108.0
6834,天二科技,17018.0,445110.0,26.0,26.3,26.0,26.3,0.3,16.0
6835,圓裕,170013.0,6572733.0,38.9,38.9,38.5,38.65,0.05,111.0
6854,錼創科技-KY創,104054.0,10720954.0,102.5,104.0,101.5,101.5,1.6,100.0
8011,台通,160687.0,2370796.0,14.85,14.85,14.7,14.7,0.0,187.0
8016,矽創,747059.0,133084334.0,181.5,181.5,176.5,176.5,-2.5,741.0
8021,尖點,326348.0,9674207.0,29.3,29.95,29.15,29.55,0.45,232.0
8028,昇陽半導體,8308448.0,511175688.0,61.2,62.1,60.7,61.1,1.1,4642.0
8033,雷虎,7087598.0,291130448.0,42.75,42.75,39.9,40.8,-1.2,4635.0
8039,台虹,45221.0,1877280.0,41.65,41.65,41.45,41.5,-0.05,66.0
8046,南電,13281384.0,3668010205.0,284.5,286.0,269.5,270.0,-11.0,11304.0
8070,長華*,490450.0,15474202.0,31.55,31.65,31.45,31.6,0.05,304.0
8072,陞泰,492247.0,13809321.0,27.85,28.35,27.75,28.15,0.55,403.0
8081,致新,484032.0,70120160.0,147.0,147.0,144.0,144.5,-2.0,417.0
8101,華冠,49118.0,292220.0,6.08,6.08,5.9,6.0,0.05,49.0
8103,瀚荃,88805.0,2847121.0,32.2,32.2,31.95,31.95,-0.25,53.0
8104,錸寶,219277.0,8219158.0,38.0,38.05,37.0,37.25,-0.5,253.0
8105,凌巨,1057278.0,13561932.0,12.85,12.95,12.7,12.9,0.2,413.0
8110,華東,702263.0,8671649.0,12.45,12.45,12.3,12.35,0.0,192.0
8112,至上,477999.0,17488237.0,36.55,36.8,36.4,36.4,0.0,374.0
8112A,至上甲特,7547.0,318451.0,42.2,42.3,42.15,42.3,0.1,13.0
8114,振樺電,1151078.0,129448833.0,114.0,114.0,111.0,111.5,-2.0,1013.0
8131,福懋科,206495.0,8008949.0,38.6,38.95,38.6,38.95,0.35,126.0
8150,南茂,1044466.0,34609239.0,33.0,33.25,32.9,33.25,0.25,641.0
8163,達方,344600.0,13296023.0,38.8,38.85,38.45,38.5,-0.25,307.0
8201,無敵,94500.0,989118.0,10.65,10.65,10.4,10.5,0.0,87.0
8210,勤誠,101219.0,7343912.0,72.3,72.8,72.2,72.5,0.2,80.0
8213,志超,372448.0,13818421.0,37.25,37.4,36.7,36.75,-0.25,363.0
8215,明基材,746445.0,24509339.0,33.1,33.15,32.55,32.55,-0.4,498.0
8222,寶一,872240.0,25590639.0,29.95,29.95,29.0,29.05,-0.45,612.0
8249,菱光,961239.0,27254789.0,28.2,28.7,28.05,28.2,0.15,580.0
8261,富鼎,1385505.0,147290224.0,107.5,108.5,105.0,105.5,-1.5,1206.0
8271,宇瞻,74065.0,3066615.0,41.3,41.6,41.1,41.5,0.2,129.0
8341,日友,4933885.0,813422898.0,155.0,171.0,152.5,169.0,13.5,4659.0
8367,建新國際,10455.0,364875.0,35.3,35.3,34.75,34.75,0.1,12.0
8374,羅昇,9000.0,254000.0,28.55,28.55,28.1,28.1,-0.05,9.0
8404,百和興業-KY,97081.0,2566792.0,26.6,26.6,26.3,26.55,-0.1,59.0
8411,福貞-KY,35442.0,464660.0,13.1,13.15,13.05,13.15,0.1,104.0
8422,可寧衛,247623.0,44778447.0,182.0,182.5,180.0,180.0,-2.0,1217.0
8429,金麗-KY,3218946.0,36418581.0,11.7,11.7,11.0,11.2,-0.5,1628.0
8438,昶昕,24091.0,623220.0,25.8,26.0,25.75,25.95,0.15,18.0
8442,威宏-KY,310008.0,23471105.0,76.0,77.0,74.4,75.8,-1.6,152.0
8443,阿瘦,12725.0,141062.0,11.05,11.15,11.05,11.05,0.0,61.0
8454,富邦媒,1322093.0,837689584.0,645.0,654.0,614.0,616.0,-15.0,2480.0
8462,柏文,48437.0,6060919.0,125.5,125.5,125.0,125.0,0.5,64.0
8463,潤泰材,225494.0,5615807.0,25.2,25.2,24.5,25.05,0.05,179.0
8464,億豐,594914.0,162960498.0,278.5,278.5,271.5,272.0,-8.0,531.0
8466,美吉吉-KY,2029.0,84002.0,41.4,41.4,41.4,41.4,-0.15,4.0
8467,波力-KY,51100.0,3114578.0,59.6,61.7,59.6,61.3,1.5,50.0
8473,山林水,54823.0,1512839.0,27.6,27.65,27.5,27.55,-0.05,39.0
8478,東哥遊艇,5412972.0,1768762840.0,323.5,334.5,320.5,322.5,3.5,5017.0
8480,泰昇-KY,135.0,11421.0,,,,,0.0,3.0
8481,政伸,23001.0,1303358.0,56.7,57.0,56.3,56.8,-0.7,24.0
8482,商億-KY,32130.0,2259973.0,70.5,70.8,70.0,70.8,0.0,26.0
8488,吉源-KY,4000.0,61200.0,15.3,15.3,15.3,15.3,0.0,3.0
8499,鼎炫-KY,48044.0,4880020.0,102.5,102.5,101.0,102.0,-0.5,34.0
8926,台汽電,532163.0,17376664.0,32.55,32.9,32.55,32.55,0.0,397.0
8940,新天地,133852.0,2233044.0,16.8,16.95,16.5,16.7,0.15,105.0
8996,高力,7068502.0,1161900855.0,168.5,168.5,162.0,162.5,-3.5,4814.0
9103,美德醫療-DR,174431.0,1183139.0,6.82,6.9,6.7,6.74,-0.01,68.0
910322,康師傅-DR,4003.0,108080.0,27.3,27.3,26.55,26.85,-0.05,6.0
9105,泰金寶-DR,590079.0,2341766.0,3.99,3.99,3.95,3.96,0.0,151.0
910861,神州-DR,32000.0,227340.0,7.06,7.24,7.06,7.24,-0.04,10.0
9110,越南控-DR,18000.0,53030.0,2.95,2.99,2.91,2.99,-0.01,15.0
911608,明輝-DR,39000.0,93980.0,2.42,2.43,2.4,2.43,0.0,17.0
911622,泰聚亨-DR,81000.0,417470.0,5.05,5.25,5.05,5.12,0.1,31.0
911868,同方友友-DR,101000.0,116380.0,1.15,1.16,1.14,1.14,-0.01,22.0
912000,晨訊科-DR,114000.0,264460.0,2.34,2.34,2.31,2.31,0.0,46.0
9136,巨騰-DR,114000.0,739440.0,6.56,6.56,6.46,6.46,-0.04,36.0
9802,鈺齊-KY,3467619.0,496957033.0,149.0,150.0,140.0,140.5,-9.5,2660.0
9902,台火,419498.0,5329699.0,12.65,12.95,12.55,12.6,-0.3,242.0
9904,寶成,10842642.0,352532310.0,32.85,32.95,32.25,32.4,-0.5,3602.0
9905,大華,34059.0,828107.0,24.25,24.5,24.25,24.5,0.25,39.0
9906,欣巴巴,11068.0,494719.0,44.9,44.9,44.6,44.8,-0.05,12.0
9907,統一實,5655964.0,95457200.0,16.9,17.05,16.75,16.85,0.0,2020.0
9908,大台北,26659.0,830916.0,31.15,31.2,31.1,31.15,0.05,33.0
9910,豐泰,1139089.0,208010424.0,186.5,186.5,181.0,181.5,-4.0,3301.0
9911,櫻花,99847.0,6294339.0,63.4,63.4,62.8,63.3,0.3,162.0
9912,偉聯,67766.0,652667.0,9.65,9.75,9.6,9.68,-0.07,98.0
9914,美利達,2512679.0,441963461.0,175.0,181.0,171.0,177.0,-12.0,2350.0
9917,中保科,217910.0,21580146.0,99.3,99.4,98.5,99.4,0.1,292.0
9918,欣天然,13195.0,557657.0,42.3,42.3,42.25,42.25,-0.35,9.0
9919,康那香,1592129.0,28230811.0,17.6,17.9,17.6,17.65,0.15,790.0
9921,巨大,6069211.0,1245092799.0,205.5,213.5,202.0,206.0,-18.0,5635.0
9924,福興,57250.0,2385475.0,41.65,41.75,41.6,41.75,0.15,56.0
9925,新保,99264.0,3892195.0,39.25,39.3,39.15,39.3,0.15,62.0
9926,新海,1117.0,57530.0,51.5,51.5,51.5,51.5,0.0,4.0
9927,泰銘,121796.0,4562880.0,37.7,37.8,37.3,37.3,-0.2,107.0
9928,中視,785206.0,15592151.0,21.0,21.0,19.4,20.0,-0.8,404.0
9929,秋雨,19000.0,160510.0,8.41,8.5,8.37,8.5,0.01,17.0
9930,中聯資源,41498.0,1921680.0,46.3,46.4,46.1,46.25,0.1,63.0
9931,欣高,2499.0,97360.0,39.0,39.0,39.0,39.0,0.0,11.0
9933,中鼎,2112568.0,91111458.0,43.5,43.65,42.75,42.85,-0.5,1690.0
9934,成霖,1296887.0,17098987.0,13.5,13.5,13.0,13.1,-0.45,341.0
9935,慶豐富,146030.0,2581216.0,17.65,17.85,17.55,17.65,0.1,77.0
9937,全國,41033.0,2117444.0,51.5,52.0,51.0,52.0,1.0,41.0
9938,百和,2226985.0,126082214.0,55.0,57.7,55.0,56.5,1.2,1469.0
9939,宏全,898084.0,75534209.0,84.3,84.4,83.7,84.2,0.1,729.0
9940,信義,44214.0,1272316.0,28.65,28.85,28.6,28.85,0.25,57.0
9941,裕融,397646.0,62877891.0,158.5,159.5,157.0,157.5,0.0,657.0
9941A,裕融甲特,27000.0,1358000.0,50.3,50.3,50.2,50.3,0.1,7.0
9942,茂順,590668.0,61546858.0,107.0,107.0,102.5,102.5,-3.5,593.0
9943,好樂迪,35024.0,2180339.0,62.4,62.5,62.0,62.0,-0.5,62.0
9944,新麗,81334.0,1668390.0,20.55,20.55,20.35,20.45,0.1,60.0
9945,潤泰新,7389533.0,329798222.0,44.5,45.2,44.35,44.45,0.1,3981.0
9946,三發地產,37118.0,451795.0,12.15,12.2,12.15,12.2,0.05,20.0
9955,佳龍,566821.0,11929357.0,20.9,21.4,20.8,20.95,0.1,412.0
9958,世紀鋼,2265908.0,200912910.0,88.0,89.5,87.8,87.8,-0.5,1513.0
